id_lo,id_mid,id_hi,n_min,n_max,n_med,prop_max
0,146,1534,6,86,10,0.8431372549019608
0,176,1227,13,84,17,0.7368421052631579
0,192,1088,0,14,3,0.8235294117647058
0,688,1307,5,90,15,0.8181818181818182
1,502,1157,10,61,35,0.5754716981132075
1,1661,1753,3,10,4,0.5882352941176471
2,77,746,4,90,18,0.8035714285714286
2,1207,1541,0,16,1,0.9411764705882353
3,64,425,1,100,9,0.9090909090909091
3,231,1158,0,14,3,0.8235294117647058
3,293,1367,9,75,25,0.6880733944954128
3,313,1685,0,12,5,0.7058823529411765
3,605,1184,0,12,1,0.9230769230769231
3,779,1446,2,74,22,0.7551020408163265
4,1453,1719,26,45,43,0.39473684210526316
5,208,491,6,69,29,0.6634615384615384
5,876,1275,8,93,9,0.8454545454545455
6,223,1427,0,10,4,0.7142857142857143
6,224,528,3,9,6,0.5
6,266,1551,3,88,19,0.8
6,741,1233,0,14,2,0.875
6,1220,1279,9,70,29,0.6481481481481481
6,1358,1762,1,6,6,0.46153846153846156
8,101,113,5,98,13,0.8448275862068966
8,414,1675,1,9,4,0.6428571428571429
8,906,1574,0,13,3,0.8125
8,967,1763,1,12,4,0.7058823529411765
8,1192,1598,7,94,12,0.831858407079646
8,1667,1710,8,58,42,0.5370370370370371
9,183,1793,0,10,6,0.625
10,290,664,10,65,33,0.6018518518518519
10,1121,1155,15,63,33,0.5675675675675675
10,1240,1557,5,97,6,0.8981481481481481
11,50,1500,3,10,3,0.625
11,59,564,26,51,33,0.4636363636363636
11,125,503,31,45,38,0.39473684210526316
11,336,1329,8,86,17,0.7747747747747747
11,370,554,0,15,2,0.8823529411764706
11,588,991,0,14,1,0.9333333333333333
11,817,1007,0,15,3,0.8333333333333334
12,992,1656,2,105,5,0.9375
12,1402,1723,1,11,3,0.7333333333333333
12,1465,1484,32,42,32,0.39622641509433965
12,1799,1805,13,87,13,0.7699115044247787
13,76,1042,0,13,5,0.7222222222222222
13,124,1069,0,101,3,0.9711538461538461
13,312,993,6,97,8,0.8738738738738738
13,990,1502,1,8,1,0.8
14,131,931,6,58,40,0.5576923076923077
14,180,1285,11,57,42,0.5181818181818182
14,323,500,2,13,4,0.6842105263157895
14,925,1782,12,81,16,0.7431192660550459
15,295,732,1,10,5,0.625
15,380,1167,2,9,7,0.5
15,408,1484,3,7,6,0.4375
16,312,845,7,54,53,0.47368421052631576
16,430,431,5,6,5,0.375
16,1286,1364,0,11,5,0.6875
17,1122,1539,0,78,30,0.7222222222222222
18,244,1271,7,86,10,0.8349514563106796
18,323,576,8,63,43,0.5526315789473685
18,866,1493,15,73,20,0.6759259259259259
18,989,1692,2,11,3,0.6875
19,1030,1841,5,84,20,0.7706422018348624
19,1103,1695,1,102,1,0.9807692307692307
20,385,393,12,76,14,0.7450980392156863
20,664,1705,1,10,9,0.5
20,727,1340,6,65,30,0.6435643564356436
21,64,1297,12,83,15,0.7545454545454545
21,202,1457,1,93,16,0.8454545454545455
22,84,180,9,63,29,0.6237623762376238
22,174,1192,2,12,4,0.6666666666666666
22,843,1110,0,118,1,0.9915966386554622
23,451,1270,11,74,19,0.7115384615384616
23,524,1795,14,48,47,0.44036697247706424
23,664,1633,5,8,6,0.42105263157894735
24,128,1439,0,13,0,1
24,203,1759,25,61,28,0.5350877192982456
24,583,1783,7,83,20,0.7545454545454545
25,909,1091,0,15,3,0.8333333333333334
26,64,798,1,15,2,0.8333333333333334
26,92,1238,0,15,0,1
26,118,218,1,15,3,0.7894736842105263
26,204,309,7,85,8,0.85
26,563,1618,0,11,7,0.6111111111111112
26,734,984,2,12,3,0.7058823529411765
27,125,412,0,96,13,0.8807339449541285
27,152,701,0,11,7,0.6111111111111112
27,258,1553,0,13,1,0.9285714285714286
27,307,1351,1,13,2,0.8125
27,756,1361,1,103,3,0.9626168224299065
27,771,1568,7,71,30,0.6574074074074074
27,875,1147,0,13,4,0.7647058823529411
28,130,1570,2,104,7,0.9203539823008849
28,312,1771,3,5,5,0.38461538461538464
28,737,1620,0,16,2,0.8888888888888888
28,1240,1611,9,85,18,0.7589285714285714
29,701,1397,0,14,2,0.875
29,935,1516,2,10,3,0.6666666666666666
29,1569,1690,0,14,2,0.875
30,174,1651,5,97,10,0.8660714285714286
30,189,1793,0,16,0,1
30,217,770,1,7,3,0.6363636363636364
31,210,1826,1,79,30,0.7181818181818181
31,279,1733,1,12,4,0.7058823529411765
31,470,1323,1,97,10,0.8981481481481481
31,672,1801,6,78,23,0.7289719626168224
32,55,899,0,16,1,0.9411764705882353
32,151,445,1,15,1,0.8823529411764706
32,559,1318,1,11,1,0.8461538461538461
32,649,1304,4,51,51,0.4811320754716981
33,321,1488,19,67,24,0.6090909090909091
33,591,1624,3,9,5,0.5294117647058824
33,1339,1455,1,7,3,0.6363636363636364
34,256,415,15,68,26,0.6238532110091743
34,409,835,27,47,28,0.46078431372549017
34,742,1789,9,80,24,0.7079646017699115
34,1217,1374,4,7,6,0.4117647058823529
34,1268,1653,18,72,21,0.6486486486486487
35,556,1650,2,7,5,0.5
35,589,1459,21,65,23,0.5963302752293578
35,1701,1780,2,10,5,0.5882352941176471
36,241,1661,7,85,21,0.7522123893805309
36,1231,1667,1,8,5,0.5714285714285714
37,156,387,1,11,2,0.7857142857142857
37,733,1081,13,56,46,0.48695652173913045
38,878,1545,29,46,37,0.4107142857142857
38,905,1674,4,6,4,0.42857142857142855
39,124,844,3,85,12,0.85
39,352,997,1,7,4,0.5833333333333334
39,788,1122,0,95,12,0.8878504672897196
39,799,1758,1,13,5,0.6842105263157895
39,1017,1507,19,71,26,0.6120689655172413
39,1041,1818,4,93,11,0.8611111111111112
39,1393,1615,5,73,38,0.6293103448275862
40,206,939,0,15,2,0.8823529411764706
40,382,1532,10,73,33,0.6293103448275862
40,1611,1763,0,17,1,0.9444444444444444
41,115,1607,12,84,18,0.7368421052631579
41,543,688,1,95,18,0.8333333333333334
42,514,927,0,11,1,0.9166666666666666
43,121,706,0,113,0,1
43,287,450,1,11,1,0.8461538461538461
43,803,1240,1,12,4,0.7058823529411765
43,1128,1296,2,96,7,0.9142857142857143
43,1188,1459,3,102,5,0.9272727272727272
44,699,1720,20,61,36,0.5213675213675214
44,1028,1816,30,44,35,0.4036697247706422
45,397,1525,0,13,1,0.9285714285714286
46,510,1445,0,17,0,1
46,549,1303,4,7,5,0.4375
46,1031,1551,0,11,2,0.8461538461538461
47,641,1598,6,96,8,0.8727272727272727
47,828,973,2,8,7,0.47058823529411764
47,1450,1693,9,80,19,0.7407407407407407
48,153,522,0,15,2,0.8823529411764706
48,377,1537,2,68,39,0.6238532110091743
48,1031,1633,2,9,8,0.47368421052631576
49,75,967,27,48,31,0.4528301886792453
49,482,1049,21,44,42,0.411214953271028
49,621,1524,18,56,35,0.5137614678899083
50,86,601,1,13,1,0.8666666666666667
50,512,849,2,12,4,0.6666666666666666
50,817,1251,5,92,6,0.8932038834951457
51,79,300,1,13,3,0.7647058823529411
51,162,866,1,10,2,0.7692307692307693
51,242,1281,1,11,6,0.6111111111111112
51,845,999,1,10,10,0.47619047619047616
52,206,1494,0,15,2,0.8823529411764706
52,264,1828,2,11,4,0.6470588235294118
52,314,391,0,15,2,0.8823529411764706
52,439,640,0,12,5,0.7058823529411765
52,712,771,3,105,7,0.9130434782608695
53,99,1780,16,53,44,0.4690265486725664
53,778,1144,0,13,2,0.8666666666666667
53,837,1713,12,84,15,0.7567567567567568
53,838,897,1,11,2,0.7857142857142857
53,877,1096,1,9,6,0.5625
54,201,624,25,57,29,0.5135135135135135
54,258,339,7,87,15,0.7981651376146789
54,472,1419,7,82,17,0.7735849056603774
54,1216,1289,12,75,20,0.7009345794392523
55,71,571,0,12,10,0.5454545454545454
55,671,1807,4,99,5,0.9166666666666666
55,983,1177,0,15,0,1
56,157,477,2,10,5,0.5882352941176471
57,253,712,1,13,2,0.8125
57,578,1231,0,107,3,0.9727272727272728
58,132,1575,0,95,6,0.9405940594059405
58,505,1087,14,62,37,0.5486725663716814
59,634,1477,3,7,4,0.5
59,1248,1628,1,10,4,0.6666666666666666
60,125,588,7,77,23,0.719626168224299
60,209,618,4,84,26,0.7368421052631579
60,268,426,3,6,5,0.42857142857142855
60,397,1806,3,7,6,0.4375
61,342,1623,3,7,4,0.5
61,505,635,2,5,4,0.45454545454545453
62,1012,1572,24,55,32,0.4954954954954955
62,1314,1427,24,65,25,0.5701754385964912
62,1375,1542,12,74,31,0.6324786324786325
62,1392,1687,3,66,39,0.6111111111111112
63,379,1172,0,17,3,0.85
63,446,1384,1,112,2,0.9739130434782609
63,505,878,0,20,0,1
64,151,872,2,8,5,0.5333333333333333
64,1352,1795,8,70,28,0.660377358490566
64,1573,1686,1,7,4,0.5833333333333334
65,198,1481,2,6,6,0.42857142857142855
65,501,1783,0,55,47,0.5392156862745098
65,830,998,0,14,1,0.9333333333333333
65,1301,1754,0,13,1,0.9285714285714286
66,396,1273,17,49,42,0.4537037037037037
66,798,1282,0,108,0,1
66,1431,1806,0,14,3,0.8235294117647058
67,169,1480,2,67,34,0.6504854368932039
67,874,1432,1,102,10,0.9026548672566371
67,901,1691,3,6,4,0.46153846153846156
68,108,128,0,10,4,0.7142857142857143
68,110,1199,11,65,35,0.5855855855855856
68,848,1180,0,11,5,0.6875
68,874,968,1,10,5,0.625
68,1230,1364,0,16,3,0.8421052631578947
68,1690,1702,1,8,6,0.5333333333333333
69,478,1784,1,13,1,0.8666666666666667
69,809,1196,3,7,4,0.5
69,1702,1797,1,80,28,0.7339449541284404
70,214,1589,17,61,35,0.5398230088495575
71,523,822,0,7,6,0.5384615384615384
71,560,977,0,17,2,0.8947368421052632
71,661,960,2,7,4,0.5384615384615384
71,822,1307,4,7,6,0.4117647058823529
71,1104,1606,3,66,37,0.6226415094339622
71,1366,1539,2,7,5,0.5
72,650,1346,2,7,5,0.5
72,791,1796,30,40,37,0.37383177570093457
72,927,1235,1,16,1,0.8888888888888888
73,278,897,2,82,22,0.7735849056603774
73,518,738,0,7,6,0.5384615384615384
73,587,1397,1,101,4,0.9528301886792453
74,333,1024,0,104,2,0.9811320754716981
74,387,1602,1,10,7,0.5555555555555556
74,407,686,0,11,0,1
74,452,1134,3,58,49,0.5272727272727272
74,566,1697,3,9,4,0.5625
74,908,1629,0,10,1,0.9090909090909091
74,1121,1708,1,89,18,0.8240740740740741
74,1311,1814,26,53,29,0.49074074074074076
75,297,767,11,78,21,0.7090909090909091
75,321,1549,4,74,28,0.6981132075471698
75,457,536,2,6,5,0.46153846153846156
75,1027,1766,3,8,4,0.5333333333333333
75,1552,1733,8,77,23,0.7129629629629629
76,141,1659,5,86,16,0.8037383177570093
76,891,1244,2,9,3,0.6428571428571429
77,747,1164,9,64,38,0.5765765765765766
77,1080,1282,0,17,1,0.9444444444444444
78,1277,1504,14,75,18,0.7009345794392523
78,1355,1784,0,11,4,0.7333333333333333
79,125,424,19,62,24,0.5904761904761905
79,211,1846,0,11,2,0.8461538461538461
79,937,1181,1,8,7,0.5
79,1017,1754,27,44,40,0.3963963963963964
80,94,1403,2,8,4,0.5714285714285714
81,109,271,2,6,4,0.5
81,246,328,0,13,3,0.8125
81,536,1091,3,96,12,0.8648648648648649
81,681,805,9,67,32,0.6203703703703703
81,1047,1288,4,10,5,0.5263157894736842
82,405,1562,0,8,5,0.6153846153846154
82,423,1186,4,8,5,0.47058823529411764
82,499,1541,16,59,28,0.5728155339805825
82,897,1653,3,7,6,0.4375
82,926,1813,6,98,7,0.8828828828828829
83,130,720,2,8,4,0.5714285714285714
83,176,1212,7,70,24,0.693069306930693
83,795,972,1,97,11,0.8899082568807339
83,846,1457,1,7,6,0.5
83,1492,1526,4,7,6,0.4117647058823529
83,1751,1840,0,12,2,0.8571428571428571
84,146,347,0,13,5,0.7222222222222222
84,809,1450,1,15,1,0.8823529411764706
84,960,1227,8,73,29,0.6636363636363637
85,212,1065,3,94,4,0.9306930693069307
85,470,1669,17,71,23,0.6396396396396397
85,590,906,7,94,10,0.8468468468468469
86,1201,1472,2,11,2,0.7333333333333333
87,101,696,25,51,32,0.4722222222222222
87,166,466,0,10,4,0.7142857142857143
87,545,1810,8,83,14,0.7904761904761904
87,1102,1421,8,85,24,0.7264957264957265
87,1302,1607,10,79,16,0.7523809523809524
88,503,1725,0,15,5,0.75
88,546,1806,11,72,28,0.6486486486486487
90,494,686,2,9,3,0.6428571428571429
90,522,1601,0,15,2,0.8823529411764706
90,1299,1563,1,14,2,0.8235294117647058
91,181,1720,2,10,3,0.6666666666666666
91,342,392,9,81,14,0.7788461538461539
91,546,1465,4,6,4,0.42857142857142855
92,119,248,31,38,35,0.36538461538461536
92,168,850,34,41,37,0.36607142857142855
92,917,1727,3,87,20,0.7909090909090909
92,1108,1242,2,11,2,0.7333333333333333
92,1403,1445,15,60,34,0.5504587155963303
93,1228,1320,0,11,1,0.9166666666666666
94,592,1367,1,7,5,0.5384615384615384
94,1008,1651,1,9,4,0.6428571428571429
95,200,1664,9,79,16,0.7596153846153846
95,863,1316,3,9,5,0.5294117647058824
95,1007,1846,11,49,48,0.4537037037037037
96,186,1527,3,11,5,0.5789473684210527
96,936,1216,1,7,5,0.5384615384615384
97,437,1519,0,8,4,0.6666666666666666
97,757,1149,18,51,39,0.4722222222222222
97,1046,1715,6,67,35,0.6203703703703703
97,1269,1636,27,46,34,0.42990654205607476
98,238,697,12,78,19,0.7155963302752294
98,486,1031,7,67,36,0.6090909090909091
98,714,1680,13,82,24,0.6890756302521008
99,903,1665,23,53,32,0.49074074074074076
99,1006,1049,11,58,36,0.5523809523809524
100,353,412,1,14,3,0.7777777777777778
100,979,1608,28,52,33,0.46017699115044247
100,1360,1819,17,47,41,0.44761904761904764
101,236,991,33,37,36,0.3490566037735849
101,1003,1509,7,62,42,0.5585585585585585
101,1450,1666,0,9,1,0.9
102,591,1133,0,106,1,0.9906542056074766
103,230,1063,3,12,4,0.631578947368421
103,487,1435,8,80,21,0.7339449541284404
104,390,1490,18,56,29,0.5436893203883495
104,1288,1561,4,68,33,0.6476190476190476
104,1381,1795,22,50,29,0.49504950495049505
104,1500,1619,10,60,38,0.5555555555555556
105,210,1307,11,73,30,0.6403508771929824
105,638,1689,0,14,0,1
106,248,908,0,13,4,0.7647058823529411
106,502,1781,0,12,8,0.6
106,555,1534,1,98,6,0.9333333333333333
106,649,1681,1,12,4,0.7058823529411765
106,663,1733,13,81,15,0.7431192660550459
106,724,732,18,52,42,0.4642857142857143
106,889,1019,26,49,29,0.47115384615384615
106,1234,1461,18,49,44,0.44144144144144143
106,1482,1785,35,37,37,0.3394495412844037
107,370,459,2,84,24,0.7636363636363637
107,529,943,0,14,3,0.8235294117647058
107,612,1029,7,52,51,0.4727272727272727
108,813,1264,1,104,6,0.9369369369369369
108,1082,1377,1,8,5,0.5714285714285714
109,207,782,23,49,38,0.44545454545454544
109,380,893,4,5,5,0.35714285714285715
109,912,1385,2,8,8,0.4444444444444444
109,916,1425,18,62,35,0.5391304347826087
109,1038,1557,21,62,26,0.5688073394495413
110,161,982,7,90,16,0.7964601769911505
110,495,594,1,11,6,0.6111111111111112
111,524,1725,6,60,45,0.5405405405405406
111,1206,1788,1,12,2,0.8
111,1461,1797,2,106,3,0.954954954954955
112,618,1247,4,5,5,0.35714285714285715
112,780,1733,5,68,34,0.6355140186915887
112,1190,1625,4,8,5,0.47058823529411764
113,285,1082,0,9,2,0.8181818181818182
113,700,962,27,58,29,0.5087719298245614
113,1245,1538,1,7,5,0.5384615384615384
114,507,1183,0,15,3,0.8333333333333334
115,559,1341,2,91,16,0.8348623853211009
115,663,1557,35,37,36,0.3425925925925926
115,725,1091,0,17,0,1
116,460,587,3,9,3,0.6
116,825,1192,32,41,36,0.3761467889908257
117,172,734,1,9,5,0.6
117,463,1435,3,98,8,0.8990825688073395
117,587,685,1,13,2,0.8125
118,406,691,4,96,10,0.8727272727272727
118,583,1171,5,91,15,0.8198198198198198
118,617,1722,0,12,4,0.75
119,357,871,29,44,34,0.411214953271028
119,358,626,1,8,5,0.5714285714285714
119,856,1673,2,102,9,0.9026548672566371
120,1528,1818,0,16,1,0.9411764705882353
121,165,775,9,55,47,0.4954954954954955
121,208,835,6,7,6,0.3684210526315789
121,499,595,16,64,30,0.5818181818181818
122,657,1145,3,69,33,0.6571428571428571
123,139,566,13,83,17,0.7345132743362832
123,554,1393,3,12,3,0.6666666666666666
123,628,904,3,9,4,0.5625
124,137,1564,1,12,2,0.8
124,374,1486,1,78,26,0.7428571428571429
125,167,1496,0,14,2,0.875
125,426,633,5,78,32,0.6782608695652174
125,674,1574,1,11,3,0.7333333333333333
125,854,1381,4,6,5,0.4
125,859,1265,2,9,7,0.5
125,937,1831,0,12,0,1
126,212,1546,2,11,4,0.6470588235294118
126,465,1031,2,6,5,0.46153846153846156
126,588,953,14,75,25,0.6578947368421053
127,208,1003,8,74,23,0.7047619047619048
127,733,1106,1,11,4,0.6875
127,816,1179,1,7,4,0.5833333333333334
127,1420,1426,8,77,32,0.6581196581196581
127,1802,1839,1,102,5,0.9444444444444444
128,136,1026,1,102,3,0.9622641509433962
129,201,623,0,11,4,0.7333333333333333
129,316,1407,11,67,35,0.5929203539823009
129,1180,1575,2,8,5,0.5333333333333333
129,1765,1800,1,11,2,0.7857142857142857
130,255,817,3,106,5,0.9298245614035088
130,346,715,7,97,14,0.8220338983050848
130,1065,1254,3,6,5,0.42857142857142855
131,861,1618,10,72,26,0.6666666666666666
131,881,1101,4,53,50,0.4953271028037383
132,235,842,28,43,38,0.3944954128440367
132,957,1343,1,11,5,0.6470588235294118
133,506,1608,0,13,2,0.8666666666666667
133,551,1073,1,95,10,0.8962264150943396
133,666,1738,1,6,6,0.46153846153846156
134,161,643,0,10,6,0.625
134,221,1390,0,17,2,0.8947368421052632
134,308,1742,3,82,21,0.7735849056603774
134,348,384,12,48,45,0.45714285714285713
134,489,868,0,15,0,1
134,533,814,0,16,1,0.9411764705882353
134,865,1030,1,13,4,0.7222222222222222
134,880,1646,14,76,19,0.6972477064220184
134,1177,1179,0,20,1,0.9523809523809523
135,238,1218,0,14,2,0.875
135,520,542,2,11,5,0.6111111111111112
135,1261,1501,1,103,4,0.9537037037037037
136,740,997,10,86,11,0.8037383177570093
137,995,1188,16,51,44,0.4594594594594595
137,1350,1565,4,95,6,0.9047619047619048
138,145,644,0,10,5,0.6666666666666666
138,249,1356,29,45,31,0.42857142857142855
138,299,1610,1,12,7,0.6
138,374,982,0,12,1,0.9230769230769231
138,810,1381,1,13,1,0.8666666666666667
138,1523,1733,3,9,4,0.5625
139,992,1658,0,11,4,0.7333333333333333
139,1521,1823,0,9,3,0.75
140,243,1849,8,79,23,0.7181818181818181
141,159,433,17,83,17,0.7094017094017094
141,431,1470,9,51,51,0.4594594594594595
141,954,1509,17,51,41,0.46788990825688076
141,1004,1310,0,13,4,0.7647058823529411
142,572,1055,4,94,15,0.831858407079646
142,1193,1787,1,11,2,0.7857142857142857
143,542,955,1,95,11,0.8878504672897196
143,1705,1831,3,94,4,0.9306930693069307
145,249,1675,1,11,1,0.8461538461538461
145,797,1793,2,86,15,0.8349514563106796
145,1104,1659,3,10,6,0.5263157894736842
146,1000,1739,2,8,5,0.5333333333333333
147,641,1137,25,49,30,0.47115384615384615
148,612,1195,0,16,1,0.9411764705882353
148,646,1188,0,16,1,0.9411764705882353
148,930,1372,1,108,1,0.9818181818181818
148,1470,1751,1,14,1,0.875
149,916,1184,9,74,22,0.7047619047619048
149,1228,1241,2,10,3,0.6666666666666666
150,305,1425,20,62,32,0.543859649122807
150,484,1152,1,59,47,0.5514018691588785
150,1025,1354,3,8,5,0.5
151,186,1718,2,88,20,0.8
151,208,1652,4,75,24,0.7281553398058253
151,629,743,1,11,1,0.8461538461538461
151,1147,1794,0,9,8,0.5294117647058824
151,1291,1446,3,110,4,0.9401709401709402
152,552,1118,16,58,32,0.5471698113207547
153,245,1075,0,10,3,0.7692307692307693
153,289,1656,1,11,5,0.6470588235294118
153,476,1015,1,13,4,0.7222222222222222
153,750,1224,5,54,52,0.4864864864864865
153,1159,1697,23,43,43,0.3944954128440367
154,501,1784,4,10,5,0.5263157894736842
155,475,1325,0,9,8,0.5294117647058824
155,545,761,9,58,48,0.5043478260869565
155,1001,1429,1,103,3,0.9626168224299065
155,1126,1461,0,15,4,0.7894736842105263
156,590,1178,13,79,19,0.7117117117117117
156,670,1802,0,17,1,0.9444444444444444
156,856,1851,0,15,0,1
157,550,1230,11,83,16,0.7545454545454545
157,963,994,0,16,1,0.9411764705882353
158,171,1686,0,100,2,0.9803921568627451
158,766,1605,1,13,3,0.7647058823529411
158,1269,1453,17,66,24,0.616822429906542
159,512,885,0,13,2,0.8666666666666667
159,1376,1408,3,94,10,0.8785046728971962
159,1462,1547,22,51,27,0.51
160,276,666,0,12,1,0.9230769230769231
160,891,1333,26,61,28,0.5304347826086957
160,1288,1727,2,10,2,0.7142857142857143
161,449,1658,2,10,7,0.5263157894736842
161,595,1551,23,49,34,0.46226415094339623
161,732,1682,0,17,1,0.9444444444444444
162,496,799,3,12,4,0.631578947368421
162,525,1442,1,13,1,0.8666666666666667
162,980,1798,30,46,35,0.4144144144144144
163,351,1811,2,85,23,0.7727272727272727
163,588,1389,15,73,23,0.6576576576576577
163,1016,1457,6,98,8,0.875
163,1502,1699,1,12,2,0.8
164,462,1842,24,64,26,0.5614035087719298
165,264,514,0,14,0,1
166,261,1659,21,46,43,0.41818181818181815
166,359,1529,25,52,34,0.46846846846846846
166,684,1678,1,9,4,0.6428571428571429
166,702,830,10,87,19,0.75
167,496,624,5,68,38,0.6126126126126126
167,753,1461,17,54,38,0.4954128440366973
167,795,1480,5,90,14,0.8256880733944955
168,268,725,4,83,28,0.7217391304347827
168,330,614,1,15,2,0.8333333333333334
168,595,1618,31,43,38,0.38392857142857145
168,1094,1831,1,103,3,0.9626168224299065
169,936,1762,2,7,5,0.5
169,1493,1551,1,8,5,0.5714285714285714
170,358,1004,2,11,3,0.6875
170,973,1038,0,15,1,0.9375
170,1164,1343,2,11,5,0.6111111111111112
172,174,1519,16,58,33,0.5420560747663551
172,651,773,2,7,5,0.5
172,1717,1726,22,44,42,0.4074074074074074
173,469,967,1,10,2,0.7692307692307693
173,798,816,16,52,43,0.46846846846846846
173,836,904,0,15,1,0.9375
174,793,1156,3,6,6,0.4
174,932,1758,0,12,1,0.9230769230769231
174,942,1163,1,8,6,0.5333333333333333
174,992,1476,1,100,6,0.9345794392523364
175,296,950,3,4,4,0.36363636363636365
175,721,1373,3,96,9,0.8888888888888888
176,480,596,2,8,5,0.5333333333333333
176,503,511,1,10,3,0.7142857142857143
177,217,1216,0,13,5,0.7222222222222222
177,251,733,1,12,1,0.8571428571428571
177,798,803,4,90,21,0.782608695652174
178,866,1054,1,13,2,0.8125
179,202,535,13,88,13,0.7719298245614035
179,437,999,16,73,19,0.6759259259259259
179,1002,1227,0,12,7,0.631578947368421
180,196,798,31,41,38,0.37272727272727274
181,251,1306,15,73,20,0.6759259259259259
181,365,1656,8,81,20,0.7431192660550459
181,674,1795,1,12,5,0.6666666666666666
181,754,1396,1,12,3,0.75
182,556,1054,2,106,3,0.954954954954955
182,789,1067,2,11,7,0.55
182,842,1795,0,11,1,0.9166666666666666
183,759,1798,2,8,5,0.5333333333333333
183,943,1553,7,68,37,0.6071428571428571
185,1434,1594,2,12,4,0.6666666666666666
186,660,1659,3,106,4,0.9380530973451328
187,434,1759,2,11,3,0.6875
187,435,1433,1,13,5,0.6842105263157895
187,1416,1473,2,79,19,0.79
188,375,871,8,66,31,0.6285714285714286
188,585,1445,0,8,7,0.5333333333333333
188,611,637,0,14,0,1
188,1281,1826,3,6,6,0.4
189,350,887,1,10,6,0.5882352941176471
190,204,1112,3,13,3,0.6842105263157895
190,1624,1806,16,61,24,0.6039603960396039
191,207,1060,1,8,6,0.5333333333333333
191,328,1284,2,10,3,0.6666666666666666
191,658,1819,0,16,0,1
192,257,1338,21,56,39,0.4827586206896552
192,491,1824,0,17,0,1
192,559,1542,4,6,4,0.42857142857142855
192,797,836,2,8,7,0.47058823529411764
192,812,1746,28,38,37,0.36893203883495146
192,878,1019,7,69,34,0.6272727272727273
192,1230,1531,4,9,4,0.5294117647058824
193,540,1677,3,8,3,0.5714285714285714
193,964,1148,26,50,36,0.44642857142857145
194,553,1443,6,62,42,0.5636363636363636
194,680,793,9,83,14,0.78301886792452835
194,787,1017,3,10,5,0.5555555555555556
195,1021,1333,17,54,36,0.5046728971962616
196,341,1717,2,10,2,0.7142857142857143
196,343,1419,1,10,4,0.6666666666666666
196,824,1356,3,7,6,0.4375
197,887,1690,1,12,3,0.75
198,409,836,1,12,5,0.6666666666666666
198,581,672,19,46,40,0.4380952380952381
199,333,463,7,79,25,0.7117117117117117
199,437,915,0,10,8,0.5555555555555556
199,733,1623,1,12,2,0.8
199,1378,1482,25,43,42,0.39090909090909093
200,337,1370,1,12,5,0.6666666666666666
200,497,984,4,8,5,0.47058823529411764
200,924,1224,13,59,35,0.5514018691588785
201,323,1542,0,17,1,0.9444444444444444
201,918,1710,8,84,14,0.7924528301886793
202,456,1805,2,10,2,0.7142857142857143
203,396,1320,3,9,7,0.47368421052631576
203,1052,1193,8,97,10,0.8434782608695652
203,1316,1354,2,12,4,0.6666666666666666
204,260,867,0,12,1,0.9230769230769231
204,360,1671,1,12,5,0.6666666666666666
205,268,480,9,67,39,0.5826086956521739
205,331,1376,1,7,3,0.6363636363636364
205,619,934,0,16,1,0.9411764705882353
205,1600,1690,18,55,39,0.49107142857142855
206,1058,1845,24,46,33,0.44660194174757284
206,1284,1708,2,103,3,0.9537037037037037
206,1830,1848,1,10,3,0.7142857142857143
207,855,1723,23,57,36,0.49137931034482757
208,404,1530,3,7,4,0.5
208,604,1372,13,84,17,0.7368421052631579
209,242,531,8,79,21,0.7314814814814815
209,250,1061,2,69,42,0.6106194690265486
209,403,646,1,11,3,0.7333333333333333
209,569,1817,0,16,3,0.8421052631578947
209,725,1660,12,65,23,0.65
209,1111,1206,2,11,4,0.6470588235294118
210,237,675,3,9,8,0.45
210,568,801,15,48,48,0.43243243243243246
211,266,1125,7,69,30,0.6509433962264151
211,386,687,1,101,7,0.926605504587156
211,1279,1622,2,6,3,0.5454545454545454
212,286,1426,0,102,1,0.9902912621359223
212,341,1128,3,9,4,0.5625
212,348,358,1,7,4,0.5833333333333334
212,886,1609,1,13,3,0.7647058823529411
212,1370,1759,27,50,40,0.42735042735042733
213,451,1245,2,13,2,0.7647058823529411
213,493,729,12,79,27,0.6694915254237288
214,281,448,4,7,5,0.4375
214,607,1405,2,99,10,0.8918918918918919
214,1251,1376,0,12,3,0.8
215,897,1451,12,60,39,0.5405405405405406
215,1207,1348,1,14,2,0.8235294117647058
215,1371,1589,0,8,7,0.5333333333333333
216,1540,1651,1,6,6,0.46153846153846156
218,354,486,14,64,26,0.6153846153846154
218,619,1522,5,96,12,0.8495575221238938
218,959,1547,3,6,4,0.46153846153846156
219,1402,1851,9,81,20,0.7363636363636363
220,548,776,21,54,37,0.48214285714285715
221,274,301,1,13,3,0.7647058823529411
221,646,1199,3,7,5,0.4666666666666667
221,896,1218,0,11,2,0.8461538461538461
222,290,1632,2,7,6,0.4666666666666667
222,297,1550,17,53,42,0.4732142857142857
222,783,1783,6,54,53,0.4778761061946903
223,1192,1688,0,108,1,0.9908256880733946
225,520,1580,2,7,3,0.5833333333333334
225,1200,1420,8,73,33,0.6403508771929824
226,280,1006,6,65,40,0.5855855855855856
226,394,663,2,7,4,0.5384615384615384
226,870,1464,1,8,6,0.5333333333333333
227,367,1384,27,55,29,0.4954954954954955
227,556,1191,4,99,9,0.8839285714285714
227,968,1139,16,52,44,0.4642857142857143
227,1536,1632,0,14,1,0.9333333333333333
228,302,1491,12,81,16,0.7431192660550459
228,664,1529,10,82,17,0.7522935779816514
228,809,1314,0,15,1,0.9375
228,1196,1502,0,13,5,0.7222222222222222
229,785,1527,1,7,6,0.5
229,904,1519,1,95,7,0.9223300970873787
230,518,1014,0,14,2,0.875
231,408,539,2,9,8,0.47368421052631576
231,430,1461,9,91,12,0.8125
231,1475,1782,11,81,17,0.7431192660550459
232,376,1784,0,14,1,0.9333333333333333
233,337,1619,1,10,8,0.5263157894736842
233,656,1309,1,9,9,0.47368421052631576
234,323,1757,2,8,6,0.5
235,628,1492,2,8,8,0.4444444444444444
235,869,1166,1,69,40,0.6272727272727273
235,1130,1811,5,84,19,0.7777777777777778
236,845,1677,0,18,1,0.9473684210526315
236,1529,1554,1,8,4,0.6153846153846154
237,340,1829,3,76,28,0.7102803738317757
237,1303,1483,11,54,38,0.5242718446601942
237,1573,1789,1,10,7,0.5555555555555556
237,1768,1820,4,7,6,0.4117647058823529
238,307,771,1,11,4,0.6875
238,500,1274,0,14,1,0.9333333333333333
239,934,1656,15,65,32,0.5803571428571429
239,982,1497,2,94,4,0.94
239,1751,1838,1,9,6,0.5625
240,532,671,2,97,7,0.9150943396226415
240,1038,1529,3,96,11,0.8727272727272727
241,750,1772,8,84,21,0.7433628318584071
242,448,869,12,82,16,0.7454545454545455
242,856,1035,1,14,1,0.875
242,980,1454,17,79,17,0.6991150442477876
242,1069,1761,25,59,25,0.5412844036697247
244,430,803,1,71,31,0.6893203883495146
244,1220,1830,5,87,18,0.7909090909090909
245,343,729,2,9,2,0.6923076923076923
245,967,1161,1,9,2,0.75
246,259,1382,0,16,4,0.8
246,1407,1741,4,103,8,0.8956521739130435
248,1203,1575,1,15,1,0.8823529411764706
248,1233,1818,4,4,4,0.3333333333333333
249,369,829,19,69,23,0.6216216216216216
249,1189,1452,2,102,3,0.9532710280373832
250,306,1565,1,105,2,0.9722222222222222
250,988,1088,3,10,4,0.5882352941176471
251,593,833,3,7,6,0.4375
251,855,1056,8,63,37,0.5833333333333334
252,331,1227,5,78,26,0.7155963302752294
252,479,1317,18,70,20,0.6481481481481481
252,690,1586,0,8,6,0.5714285714285714
253,948,974,9,68,38,0.591304347826087
253,1799,1834,26,58,33,0.49572649572649574
254,477,1772,17,50,46,0.4424778761061947
254,1007,1403,14,60,34,0.5555555555555556
254,1070,1074,14,72,27,0.6371681415929203
255,731,945,2,79,27,0.7314814814814815
256,408,1515,2,8,6,0.5
257,439,1740,4,84,19,0.7850467289719626
257,576,1436,1,10,5,0.625
257,715,1322,2,9,5,0.5625
258,917,1225,9,53,41,0.5145631067961165
258,956,1761,0,14,1,0.9333333333333333
258,1390,1728,2,9,8,0.47368421052631576
259,642,792,3,9,4,0.5625
259,836,1840,1,10,4,0.6666666666666666
259,1137,1627,35,37,37,0.3394495412844037
260,1318,1447,18,55,27,0.55
262,994,1707,10,89,15,0.7807017543859649
263,276,965,5,99,6,0.9
263,394,1026,18,63,23,0.6057692307692307
264,281,559,1,11,3,0.7333333333333333
264,282,1652,8,86,24,0.7288135593220338
264,355,1783,2,10,4,0.625
264,404,419,1,15,2,0.8333333333333334
265,614,1053,6,66,39,0.5945945945945946
267,280,1413,0,9,7,0.5625
267,512,544,12,76,24,0.6785714285714286
267,529,1760,2,9,5,0.5625
268,1214,1333,1,106,1,0.9814814814814815
269,444,1708,0,8,8,0.5
269,627,1808,1,96,11,0.8888888888888888
269,800,1492,0,14,1,0.9333333333333333
269,1063,1836,2,10,4,0.625
269,1461,1793,0,14,3,0.8235294117647058
270,801,1752,1,8,4,0.6153846153846154
272,311,582,9,81,15,0.7714285714285715
273,550,708,2,84,20,0.7924528301886793
273,900,1227,3,101,5,0.926605504587156
274,389,899,0,19,2,0.9047619047619048
274,631,1340,0,11,6,0.6470588235294118
274,975,1551,19,50,40,0.45871559633027525
274,992,1783,0,17,1,0.9444444444444444
274,1336,1759,6,60,40,0.5660377358490566
275,315,346,10,59,39,0.5462962962962963
275,344,1811,0,9,6,0.6
275,899,1486,1,7,4,0.5833333333333334
275,1146,1624,4,7,4,0.4666666666666667
276,477,1014,3,93,10,0.8773584905660378
276,918,1762,1,9,3,0.6923076923076923
277,504,882,18,67,25,0.6090909090909091
277,622,1534,2,9,3,0.6428571428571429
277,1097,1321,2,78,32,0.6964285714285714
278,288,1512,20,72,22,0.631578947368421
278,1005,1227,0,13,1,0.9285714285714286
278,1794,1822,10,75,30,0.6521739130434783
279,462,518,9,86,16,0.7747747747747747
279,906,1443,6,78,29,0.6902654867256637
279,920,1611,2,103,7,0.9196428571428571
280,667,1797,0,10,0,1
280,1219,1363,0,10,7,0.5882352941176471
281,571,1113,3,9,6,0.5
281,657,1680,10,83,23,0.7155172413793104
281,798,1094,14,55,41,0.5
281,977,1250,7,101,9,0.8632478632478633
281,1116,1638,4,98,9,0.8828828828828829
282,382,484,3,84,28,0.7304347826086957
282,409,1530,12,64,33,0.5871559633027523
282,642,1205,1,10,7,0.5555555555555556
282,1187,1257,9,77,15,0.7623762376237624
283,441,1492,1,107,5,0.9469026548672567
283,1650,1787,0,15,6,0.7142857142857143
284,649,893,2,103,3,0.9537037037037037
284,1010,1153,2,10,4,0.625
284,1012,1572,12,79,21,0.7053571428571429
284,1778,1849,2,10,4,0.625
285,499,1005,4,9,5,0.5
285,1230,1446,28,52,36,0.4482758620689655
285,1309,1699,2,100,9,0.9009009009009009
285,1337,1636,1,14,3,0.7777777777777778
286,583,1788,5,68,31,0.6538461538461539
286,1144,1340,2,9,5,0.5625
287,714,1641,0,13,0,1
287,865,1689,34,39,38,0.35135135135135137
287,1069,1292,2,101,3,0.9528301886792453
288,600,1197,3,6,5,0.42857142857142855
288,975,1052,2,13,3,0.7222222222222222
289,686,1425,0,12,2,0.8571428571428571
289,1205,1434,1,75,35,0.6756756756756757
289,1232,1395,0,9,8,0.5294117647058824
290,549,1648,2,97,9,0.8981481481481481
290,1133,1822,1,9,8,0.5
290,1466,1693,0,8,6,0.5714285714285714
291,553,1412,1,7,3,0.6363636363636364
291,756,1168,0,9,5,0.6428571428571429
292,352,401,19,57,31,0.5327102803738317
292,1016,1623,8,89,9,0.839622641509434
292,1600,1674,20,66,22,0.6111111111111112
293,839,1498,0,16,1,0.9411764705882353
294,602,1532,13,55,46,0.4824561403508772
294,989,1267,19,58,33,0.5272727272727272
294,1038,1685,0,8,6,0.5714285714285714
295,320,1192,0,15,1,0.9375
295,539,1558,1,10,4,0.6666666666666666
295,738,851,14,76,23,0.672566371681416
295,1078,1489,2,8,6,0.5
295,1350,1807,5,91,14,0.8272727272727273
296,643,684,3,93,10,0.8773584905660378
297,1630,1765,7,86,13,0.8113207547169812
297,1757,1777,9,83,17,0.7614678899082569
298,399,1590,15,56,36,0.5233644859813084
299,381,528,4,5,5,0.35714285714285715
299,473,1670,6,73,34,0.6460176991150443
299,759,1059,3,11,4,0.6111111111111112
299,1089,1790,3,9,3,0.6
299,1536,1604,2,13,2,0.7647058823529411
300,1088,1779,0,13,1,0.9285714285714286
301,460,1345,7,94,10,0.8468468468468469
301,506,1278,8,77,25,0.7
301,619,1478,2,6,5,0.46153846153846156
301,1154,1465,0,13,1,0.9285714285714286
302,671,1715,1,13,1,0.8666666666666667
302,779,1579,0,12,4,0.75
302,875,1533,1,10,4,0.6666666666666666
303,977,1293,12,73,26,0.6576576576576577
304,364,1111,9,78,14,0.7722772277227723
304,367,853,0,14,1,0.9333333333333333
304,523,1039,20,67,25,0.5982142857142857
304,537,1514,4,87,10,0.8613861386138614
304,554,1126,0,17,1,0.9444444444444444
305,354,1312,0,8,3,0.7272727272727273
305,361,727,1,12,5,0.6666666666666666
305,420,1781,1,10,5,0.625
305,629,818,3,5,4,0.4166666666666667
305,677,1674,9,55,37,0.5445544554455446
305,1263,1762,25,49,28,0.4803921568627451
307,322,990,0,11,7,0.6111111111111112
307,432,1369,2,13,5,0.65
307,623,828,11,84,17,0.75
307,766,1384,3,6,5,0.42857142857142855
308,884,1000,1,13,1,0.8666666666666667
308,1262,1263,0,14,1,0.9333333333333333
309,1142,1811,7,78,26,0.7027027027027027
310,395,1804,1,101,5,0.9439252336448598
310,559,1609,9,65,31,0.6190476190476191
310,675,1490,3,5,3,0.45454545454545453
310,750,1807,28,49,35,0.4375
311,463,1311,0,15,0,1
311,558,1545,0,11,0,1
311,662,1401,9,66,33,0.6111111111111112
311,783,978,1,14,2,0.8235294117647058
311,1003,1673,7,51,48,0.4811320754716981
311,1409,1469,8,91,11,0.8272727272727273
312,1029,1446,8,58,45,0.5225225225225225
313,329,491,5,59,46,0.5363636363636364
313,880,1110,11,76,17,0.7307692307692307
314,405,1559,29,48,39,0.41379310344827586
314,467,1788,1,11,4,0.6875
314,584,1391,6,85,19,0.7727272727272727
314,879,1369,0,13,3,0.8125
315,1005,1315,3,61,40,0.5865384615384616
316,873,1144,20,58,38,0.5
316,1155,1698,3,106,5,0.9298245614035088
316,1338,1809,2,9,2,0.6923076923076923
317,1067,1539,5,95,11,0.8558558558558559
318,1220,1369,12,85,15,0.7589285714285714
318,1400,1525,2,7,5,0.5
319,321,1049,14,70,27,0.6306306306306306
319,533,718,1,8,5,0.5714285714285714
319,568,641,2,108,5,0.9391304347826087
320,364,1484,3,81,29,0.7168141592920354
320,823,922,2,11,3,0.6875
322,653,750,1,14,3,0.7777777777777778
323,801,962,1,17,3,0.8095238095238095
325,585,1166,5,74,32,0.6666666666666666
325,648,1110,4,101,7,0.9017857142857143
326,688,925,1,10,2,0.7692307692307693
327,855,992,1,102,2,0.9714285714285714
327,929,950,12,85,16,0.7522123893805309
328,692,1423,2,104,4,0.9454545454545454
328,747,995,18,74,23,0.6434782608695652
328,748,1389,11,49,42,0.4803921568627451
328,1053,1152,34,44,35,0.3893805309734513
328,1729,1788,0,12,3,0.8
329,412,1577,4,99,6,0.908256880733945
329,433,769,5,85,17,0.794392523364486
329,439,1306,28,57,28,0.504424778761062
329,1243,1348,0,12,2,0.8571428571428571
331,365,1358,33,38,36,0.35514018691588783
331,667,1334,14,54,45,0.4778761061946903
332,589,851,4,76,27,0.7102803738317757
332,601,1193,0,10,2,0.8333333333333334
333,1240,1770,1,12,3,0.75
333,1445,1763,19,55,37,0.4954954954954955
333,1703,1761,1,15,1,0.8823529411764706
334,1197,1469,0,9,6,0.6
335,1225,1713,1,13,1,0.8666666666666667
336,341,1071,5,7,6,0.3888888888888889
336,347,853,0,11,3,0.7857142857142857
336,687,856,12,68,29,0.6238532110091743
336,746,1193,0,14,4,0.7777777777777778
336,813,1726,0,15,1,0.9375
336,874,882,2,15,2,0.7894736842105263
336,1029,1472,8,73,26,0.6822429906542056
337,930,1002,0,12,0,1
337,1692,1801,9,68,33,0.6181818181818182
338,350,1018,4,7,6,0.4117647058823529
338,376,1829,4,8,7,0.42105263157894735
338,1330,1663,3,104,3,0.9454545454545454
338,1591,1800,1,13,2,0.8125
339,395,1087,31,46,33,0.41818181818181815
339,702,921,2,6,3,0.5454545454545454
339,1196,1387,1,12,4,0.7058823529411765
339,1823,1825,0,111,1,0.9910714285714286
340,510,1199,0,16,0,1
341,443,1298,3,9,4,0.5625
341,1425,1663,35,36,35,0.33962264150943394
341,1521,1803,14,53,41,0.49074074074074076
342,563,726,3,10,3,0.625
342,750,1510,15,67,31,0.5929203539823009
343,596,986,28,45,31,0.4326923076923077
343,688,875,0,14,1,0.9333333333333333
344,371,876,22,54,36,0.48214285714285715
344,522,597,13,63,33,0.5779816513761468
344,617,977,5,7,7,0.3684210526315789
346,1368,1592,2,104,5,0.9369369369369369
347,1117,1700,0,15,3,0.8333333333333334
349,627,1414,1,10,6,0.5882352941176471
350,849,1616,2,10,3,0.6666666666666666
350,1091,1483,17,66,25,0.6111111111111112
351,559,1132,6,101,10,0.8632478632478633
351,910,945,12,73,24,0.6697247706422018
351,1033,1591,6,78,27,0.7027027027027027
351,1192,1807,0,14,1,0.9333333333333333
352,548,935,20,59,36,0.5130434782608696
352,1415,1560,1,10,4,0.6666666666666666
353,894,1669,7,51,49,0.4766355140186916
353,964,1732,0,11,4,0.7333333333333333
354,620,1022,10,90,11,0.8108108108108109
354,694,1280,1,9,8,0.5
354,1555,1583,1,8,5,0.5714285714285714
355,439,1459,2,12,5,0.631578947368421
355,1244,1720,2,6,5,0.46153846153846156
356,774,1369,0,17,1,0.9444444444444444
358,677,1381,6,91,17,0.7982456140350878
359,443,509,16,71,16,0.6893203883495146
360,555,951,16,61,31,0.5648148148148148
360,634,767,16,47,47,0.42727272727272725
360,1377,1755,6,74,24,0.7115384615384616
361,363,667,3,91,10,0.875
361,496,561,0,11,4,0.7333333333333333
361,619,1028,27,57,29,0.504424778761062
362,470,1492,0,8,5,0.6153846153846154
362,560,1301,3,6,5,0.42857142857142855
362,1072,1227,20,60,24,0.5769230769230769
362,1182,1258,2,10,3,0.6666666666666666
363,969,1414,9,74,31,0.6491228070175439
363,1650,1706,0,8,5,0.6153846153846154
365,796,1687,0,13,1,0.9285714285714286
365,799,1216,12,55,40,0.514018691588785
365,843,1150,0,17,1,0.9444444444444444
365,964,977,1,11,2,0.7857142857142857
365,1064,1670,2,8,6,0.5
365,1079,1333,1,14,4,0.7368421052631579
366,373,1498,2,10,4,0.625
366,428,514,0,14,5,0.7368421052631579
366,640,1524,5,93,13,0.8378378378378378
367,914,1794,1,10,4,0.6666666666666666
367,1322,1605,20,50,36,0.4716981132075472
368,538,1463,1,15,1,0.8823529411764706
368,820,1369,5,75,31,0.6756756756756757
368,1558,1802,12,70,28,0.6363636363636364
369,1442,1518,0,12,2,0.8571428571428571
370,518,1542,6,86,14,0.8113207547169812
370,1382,1438,1,12,3,0.75
371,1175,1561,15,83,17,0.7217391304347827
371,1389,1471,0,11,2,0.8461538461538461
372,818,1126,9,82,16,0.7663551401869159
372,874,1507,21,62,25,0.5740740740740741
372,1025,1572,4,102,5,0.918918918918919
372,1115,1268,1,12,5,0.6666666666666666
373,711,910,12,76,20,0.7037037037037037
373,934,989,17,50,49,0.43103448275862066
373,1152,1158,3,9,3,0.6
373,1220,1722,1,15,2,0.8333333333333334
373,1227,1779,0,16,2,0.8888888888888888
374,639,797,20,47,37,0.4519230769230769
374,905,1450,5,11,5,0.5238095238095238
375,378,1216,0,19,1,0.95
375,464,1563,0,108,4,0.9642857142857143
375,581,780,0,108,2,0.9818181818181818
375,781,1234,0,15,1,0.9375
375,839,1086,1,110,5,0.9482758620689655
377,394,791,1,10,6,0.5882352941176471
377,423,1005,8,85,11,0.8173076923076923
378,492,902,10,83,12,0.7904761904761904
378,915,1343,1,84,16,0.8316831683168316
378,1098,1739,2,11,3,0.6875
379,404,976,6,95,7,0.8796296296296297
380,791,1108,3,94,7,0.9038461538461539
382,985,992,6,88,13,0.822429906542056
382,1094,1636,8,79,15,0.7745098039215687
383,745,1799,0,10,3,0.7692307692307693
383,1659,1779,0,110,1,0.990990990990991
384,1674,1755,0,16,1,0.9411764705882353
385,806,1591,0,12,3,0.8
385,978,1319,2,94,10,0.8867924528301887
385,1480,1756,5,67,32,0.6442307692307693
386,502,1423,29,51,37,0.4358974358974359
387,658,977,1,17,1,0.8947368421052632
387,1042,1767,5,86,22,0.7610619469026548
388,467,1222,0,9,6,0.6
388,595,844,1,111,3,0.9652173913043478
388,1192,1368,1,10,3,0.7142857142857143
390,1521,1788,2,68,48,0.576271186440678
392,597,1744,3,12,5,0.6
393,1015,1165,2,11,3,0.6875
394,796,1818,20,57,39,0.49137931034482757
394,1119,1781,1,8,5,0.5714285714285714
394,1579,1580,14,69,26,0.6330275229357798
395,491,1844,2,15,2,0.7894736842105263
395,605,1115,2,10,4,0.625
396,427,1185,8,86,17,0.7747747747747747
396,1003,1668,3,7,5,0.4666666666666667
396,1073,1729,11,63,41,0.5478260869565217
396,1085,1726,8,62,45,0.5391304347826087
396,1448,1519,25,62,28,0.5391304347826087
397,716,796,16,67,27,0.6090909090909091
397,821,1261,1,8,7,0.5
400,583,1829,0,15,0,1
401,613,1269,13,64,33,0.5818181818181818
401,710,787,2,9,4,0.6
401,857,911,14,71,27,0.6339285714285714
401,1044,1349,1,11,1,0.8461538461538461
401,1051,1240,0,18,2,0.9
402,632,1145,0,13,2,0.8666666666666667
404,1028,1461,2,16,3,0.7619047619047619
404,1255,1680,3,7,4,0.5
404,1267,1580,9,61,40,0.5545454545454546
404,1479,1635,6,51,48,0.4857142857142857
404,1516,1544,1,12,6,0.631578947368421
405,416,647,0,106,3,0.9724770642201835
405,638,1213,0,12,2,0.8571428571428571
405,771,1005,1,8,3,0.6666666666666666
405,849,1394,2,7,2,0.6363636363636364
405,1103,1798,20,53,38,0.4774774774774775
405,1439,1514,0,14,1,0.9333333333333333
406,609,1807,18,75,19,0.6696428571428571
406,629,1682,12,85,15,0.7589285714285714
407,1205,1309,3,10,5,0.5555555555555556
407,1288,1475,18,60,22,0.6
408,567,603,7,92,13,0.8214285714285714
408,977,1584,1,8,3,0.6666666666666666
409,438,1266,13,71,24,0.6574074074074074
409,1676,1818,20,48,46,0.42105263157894735
410,1713,1733,25,62,26,0.5486725663716814
411,729,971,16,47,46,0.43119266055045874
411,914,980,9,78,24,0.7027027027027027
412,633,1231,0,20,0,1
412,875,1835,3,8,5,0.5
413,682,821,1,8,5,0.5714285714285714
413,858,1044,0,103,7,0.9363636363636364
413,1351,1427,3,9,3,0.6
414,618,702,4,7,4,0.4666666666666667
415,430,847,1,100,2,0.970873786407767
415,1133,1580,2,109,4,0.9478260869565217
416,638,1305,1,9,3,0.6923076923076923
416,657,1540,0,18,0,1
416,685,1070,3,6,6,0.4
417,636,1036,24,50,40,0.43859649122807015
417,848,1094,0,19,0,1
417,883,1724,13,68,30,0.6126126126126126
417,1046,1733,0,9,4,0.6923076923076923
417,1241,1585,1,12,3,0.75
418,618,1807,16,76,19,0.6846846846846847
419,715,744,2,16,3,0.7619047619047619
419,833,1617,11,62,37,0.5636363636363636
421,664,781,1,15,2,0.8333333333333334
421,959,1099,21,53,31,0.5047619047619047
421,1106,1117,12,72,21,0.6857142857142857
421,1315,1580,4,7,5,0.4375
422,819,1555,27,49,38,0.4298245614035088
422,1234,1453,8,85,19,0.7589285714285714
424,490,1534,0,12,2,0.8571428571428571
424,689,883,3,7,4,0.5
424,731,1773,3,10,5,0.5555555555555556
425,1599,1601,4,7,5,0.4375
426,954,1386,3,67,29,0.6767676767676768
426,1291,1355,1,10,5,0.625
427,1020,1210,3,102,8,0.9026548672566371
428,604,1809,1,9,6,0.5625
429,499,1185,8,75,26,0.6880733944954128
429,722,1308,1,6,6,0.46153846153846156
430,674,972,5,56,47,0.5185185185185185
431,980,1426,26,55,27,0.5092592592592593
431,1726,1783,15,73,16,0.7019230769230769
432,1400,1460,0,13,2,0.8666666666666667
433,769,1543,3,7,6,0.4375
434,480,1378,6,93,9,0.8611111111111112
434,914,1294,12,64,24,0.64
434,1091,1490,0,13,1,0.9285714285714286
436,571,1036,26,51,34,0.4594594594594595
437,613,793,2,94,11,0.8785046728971962
437,1219,1408,1,13,1,0.8666666666666667
437,1356,1829,1,15,4,0.75
438,1091,1354,1,10,8,0.5263157894736842
438,1268,1832,1,12,6,0.631578947368421
439,1354,1501,23,43,42,0.39814814814814814
440,465,1133,0,14,1,0.9333333333333333
440,690,777,6,55,53,0.4824561403508772
441,472,1582,18,59,37,0.5175438596491229
441,629,1464,3,64,37,0.6153846153846154
441,740,1368,1,10,5,0.625
441,1172,1210,8,86,17,0.7747747747747747
442,450,1074,1,14,1,0.875
442,1194,1626,4,6,5,0.4
443,521,717,1,102,6,0.9357798165137615
443,1369,1754,3,92,12,0.8598130841121495
444,801,1042,0,12,1,0.9230769230769231
445,1095,1799,2,102,3,0.9532710280373832
445,1188,1680,0,107,1,0.9907407407407407
446,1187,1805,2,14,3,0.7368421052631579
446,1228,1708,2,87,17,0.8207547169811321
447,601,1511,5,96,11,0.8571428571428571
447,1003,1006,3,7,5,0.4666666666666667
447,1078,1764,0,100,13,0.8849557522123894
448,519,1425,26,48,38,0.42857142857142855
448,967,1082,5,93,9,0.8691588785046729
448,1581,1629,1,9,3,0.6923076923076923
448,1692,1766,1,10,2,0.7692307692307693
449,715,1762,5,80,25,0.7272727272727273
449,843,877,18,47,42,0.4392523364485981
449,1280,1650,3,75,27,0.7142857142857143
449,1372,1653,2,11,4,0.6470588235294118
450,716,919,15,71,19,0.6761904761904762
451,673,1117,0,15,0,1
451,950,1451,2,6,5,0.46153846153846156
452,551,866,11,66,38,0.5739130434782609
452,897,1283,0,16,0,1
453,657,1547,6,93,20,0.7815126050420168
453,1083,1781,0,11,3,0.7857142857142857
454,482,1040,4,6,5,0.4
454,954,1553,11,80,12,0.7766990291262136
455,1237,1787,3,11,3,0.6470588235294118
455,1251,1264,2,9,6,0.5294117647058824
456,697,1617,25,45,42,0.4017857142857143
457,1203,1270,0,109,1,0.990909090909091
458,972,1109,1,70,38,0.6422018348623854
458,1291,1712,13,69,28,0.6272727272727273
459,689,1034,2,103,7,0.9196428571428571
459,1241,1617,1,15,2,0.8333333333333334
460,469,952,4,78,29,0.7027027027027027
460,1004,1441,8,74,29,0.6666666666666666
460,1082,1774,0,10,5,0.6666666666666666
460,1393,1838,0,7,4,0.6363636363636364
462,526,1700,5,92,7,0.8846153846153846
462,599,723,9,54,42,0.5142857142857142
463,636,645,2,9,3,0.6428571428571429
463,676,1575,0,10,6,0.625
463,1730,1741,0,8,5,0.6153846153846154
464,467,1739,2,63,41,0.5943396226415094
465,668,1765,0,13,0,1
465,1063,1347,11,74,13,0.7551020408163265
465,1126,1738,8,85,18,0.7657657657657657
466,760,1590,1,104,3,0.9629629629629629
466,908,1767,2,8,3,0.6153846153846154
467,659,1240,2,8,6,0.5
467,709,1318,14,67,28,0.6146788990825688
467,904,1044,12,67,30,0.6146788990825688
467,1093,1499,2,8,4,0.5714285714285714
468,672,964,2,9,2,0.6923076923076923
469,857,1566,1,8,4,0.6153846153846154
469,1373,1489,4,9,4,0.5294117647058824
470,1006,1314,1,12,5,0.6666666666666666
473,830,1097,12,56,46,0.49122807017543857
474,1686,1691,0,11,1,0.9166666666666666
475,740,1374,20,68,24,0.6071428571428571
477,486,1751,17,71,25,0.6283185840707964
478,864,972,3,7,5,0.4666666666666667
478,924,1065,2,11,3,0.6875
478,1148,1267,21,67,25,0.5929203539823009
478,1179,1841,25,62,25,0.5535714285714286
479,1290,1657,2,10,4,0.625
480,748,1349,6,92,7,0.8761904761904762
480,911,1426,3,9,6,0.5
480,1006,1314,1,13,3,0.7647058823529411
480,1038,1370,12,66,32,0.6
480,1719,1765,10,81,12,0.7864077669902912
482,609,1389,0,10,1,0.9090909090909091
482,641,1666,0,71,38,0.6513761467889908
482,1107,1646,0,13,2,0.8666666666666667
482,1182,1750,0,16,1,0.9411764705882353
483,499,1422,0,14,1,0.9333333333333333
483,1453,1568,2,9,3,0.6428571428571429
484,1662,1802,2,9,6,0.5294117647058824
486,492,591,10,71,29,0.6454545454545455
486,498,1291,4,10,5,0.5263157894736842
487,816,840,19,49,38,0.46226415094339623
487,946,1436,0,14,1,0.9333333333333333
487,1072,1609,11,85,14,0.7727272727272727
487,1216,1755,1,12,2,0.8
488,536,610,5,77,30,0.6875
488,799,1724,15,51,36,0.5
489,539,1549,18,64,33,0.5565217391304348
489,833,1280,0,10,4,0.7142857142857143
489,975,1273,16,59,34,0.5412844036697247
490,688,1227,2,92,19,0.8141592920353983
491,538,817,17,66,25,0.6111111111111112
492,829,971,33,45,39,0.38461538461538464
492,994,1754,0,15,0,1
492,1270,1551,12,49,40,0.48514851485148514
493,1009,1486,2,11,3,0.6875
494,1731,1830,11,84,14,0.7706422018348624
495,699,709,32,41,34,0.38317757009345793
495,752,1774,1,13,3,0.7647058823529411
495,764,1449,7,79,20,0.7452830188679245
496,1073,1767,20,57,33,0.5181818181818182
496,1311,1675,1,12,2,0.8
499,805,940,3,10,4,0.5882352941176471
499,818,1237,15,54,43,0.48214285714285715
500,1399,1700,1,96,8,0.9142857142857143
500,1457,1836,5,90,15,0.8181818181818182
501,1104,1697,3,97,7,0.9065420560747663
503,1658,1675,0,10,9,0.5263157894736842
504,1102,1604,1,12,2,0.8
506,620,815,0,7,6,0.5384615384615384
506,970,1525,5,5,5,0.3333333333333333
506,1137,1456,23,63,24,0.5727272727272728
507,956,1760,9,88,22,0.7394957983193278
507,1688,1715,8,93,8,0.8532110091743119
508,960,1240,3,8,5,0.5
508,1156,1625,30,38,35,0.36893203883495146
509,641,1135,0,110,1,0.990990990990991
509,815,1384,0,99,7,0.9339622641509434
509,994,1503,1,15,1,0.8823529411764706
509,1014,1297,1,12,2,0.8
509,1321,1652,0,106,2,0.9814814814814815
510,1221,1780,7,96,11,0.8421052631578947
511,970,1006,18,56,32,0.5283018867924528
512,595,814,2,11,3,0.6875
512,690,1486,2,9,3,0.6428571428571429
512,1452,1685,12,67,31,0.6090909090909091
513,574,1554,5,65,35,0.6190476190476191
513,683,906,6,71,33,0.6454545454545455
513,693,1827,6,88,20,0.7719298245614035
513,941,1475,1,104,1,0.9811320754716981
513,1000,1149,24,48,32,0.46153846153846156
513,1155,1156,2,12,2,0.75
513,1293,1550,3,97,7,0.9065420560747663
514,1001,1566,3,103,8,0.9035087719298246
515,714,728,0,9,6,0.6
515,1078,1332,0,18,2,0.9
516,745,962,9,60,40,0.5504587155963303
516,1205,1683,1,11,3,0.7333333333333333
517,774,1545,14,51,40,0.4857142857142857
518,538,1187,2,8,8,0.4444444444444444
518,860,1024,19,60,33,0.5357142857142857
519,557,739,3,6,5,0.42857142857142855
519,897,1521,0,12,6,0.6666666666666666
519,1188,1248,7,70,31,0.6481481481481481
519,1271,1704,3,7,4,0.5
522,808,1491,17,53,35,0.5047619047619047
524,1360,1685,3,79,16,0.8061224489795918
525,639,694,0,14,0,1
526,1399,1731,7,90,18,0.782608695652174
526,1591,1844,0,13,4,0.7647058823529411
527,694,1837,19,64,26,0.5871559633027523
528,1031,1375,1,9,3,0.6923076923076923
529,534,1477,10,88,12,0.8
529,878,1740,3,89,4,0.9270833333333334
529,1177,1508,25,42,40,0.3925233644859813
530,1457,1735,6,90,9,0.8571428571428571
531,647,1548,1,13,3,0.7647058823529411
532,624,771,1,11,6,0.6111111111111112
532,905,1658,15,66,27,0.6111111111111112
533,563,1298,1,8,5,0.5714285714285714
534,539,958,35,45,35,0.391304347826087
535,1108,1293,5,7,5,0.4117647058823529
536,822,1483,4,8,5,0.47058823529411764
536,839,1321,18,52,44,0.45614035087719296
536,1003,1542,0,12,0,1
538,541,1560,0,14,0,1
538,1163,1223,2,12,3,0.7058823529411765
539,920,1014,17,65,23,0.6190476190476191
542,720,1524,1,12,2,0.8
542,1827,1831,11,78,28,0.6666666666666666
543,717,1736,0,11,4,0.7333333333333333
543,966,1113,0,12,0,1
545,683,1447,26,51,34,0.4594594594594595
545,775,1606,23,48,35,0.4528301886792453
545,1021,1179,3,6,4,0.46153846153846156
546,689,1731,1,10,5,0.625
546,903,1767,19,71,19,0.6513761467889908
546,1034,1738,2,110,2,0.9649122807017544
547,1000,1442,0,11,2,0.8461538461538461
549,788,1515,0,102,3,0.9714285714285714
549,1057,1573,3,92,12,0.8598130841121495
551,626,1000,9,71,34,0.6228070175438597
553,1303,1730,4,5,5,0.35714285714285715
554,752,942,6,87,24,0.7435897435897436
556,983,1820,1,10,5,0.625
556,1060,1390,7,58,43,0.5370370370370371
557,735,1002,5,85,21,0.7657657657657657
557,881,1669,3,8,5,0.5
558,563,1796,1,14,2,0.8235294117647058
558,772,1253,14,78,20,0.6964285714285714
559,815,1173,0,111,2,0.9823008849557522
559,1617,1779,10,85,22,0.7264957264957265
560,947,1049,4,9,5,0.5
561,867,1262,0,13,0,1
562,647,840,0,9,2,0.8181818181818182
562,901,1346,3,7,5,0.4666666666666667
563,914,1031,16,77,20,0.6814159292035398
563,1296,1476,0,10,8,0.5555555555555556
563,1567,1714,8,84,21,0.7433628318584071
565,587,1059,4,7,7,0.3888888888888889
565,909,1735,8,62,41,0.5585585585585585
565,1624,1730,0,101,9,0.9181818181818182
566,1524,1589,5,78,19,0.7647058823529411
567,591,966,8,83,15,0.78301886792452835
567,665,710,4,73,23,0.73
568,795,1738,1,98,6,0.9333333333333333
569,1293,1632,2,97,10,0.8899082568807339
570,786,876,3,98,5,0.9245283018867925
572,1617,1853,1,14,1,0.875
574,666,911,12,59,41,0.5267857142857143
574,1189,1256,14,62,32,0.5740740740740741
576,1034,1840,0,14,4,0.7777777777777778
577,1058,1487,4,9,5,0.5
577,1281,1817,13,54,40,0.5046728971962616
578,618,1167,1,10,3,0.7142857142857143
578,706,1381,4,101,8,0.8938053097345132
578,860,1661,24,46,43,0.40707964601769914
578,1054,1303,5,98,6,0.8990825688073395
580,790,1171,1,11,4,0.6875
581,619,648,24,50,30,0.4807692307692308
581,670,1073,23,44,39,0.41509433962264153
581,1167,1406,1,105,3,0.963302752293578
582,642,729,23,52,36,0.46846846846846846
583,640,663,17,50,43,0.45454545454545453
583,756,947,2,10,6,0.5555555555555556
583,1092,1272,0,12,3,0.8
584,732,1574,11,89,12,0.7946428571428571
584,1160,1639,16,59,43,0.5
584,1457,1783,3,68,38,0.6238532110091743
585,608,976,7,67,32,0.6320754716981132
585,649,1019,2,10,3,0.6666666666666666
585,954,1482,28,52,34,0.45614035087719296
585,1091,1793,1,7,4,0.5833333333333334
585,1460,1648,9,88,17,0.7719298245614035
586,906,979,0,12,2,0.8571428571428571
586,1154,1699,11,59,45,0.5130434782608696
587,864,1408,1,5,5,0.45454545454545453
587,1078,1739,10,89,16,0.7739130434782608
588,1162,1593,0,16,4,0.8
590,1059,1521,4,6,5,0.4
591,775,1605,2,10,3,0.6666666666666666
591,1288,1511,0,17,1,0.9444444444444444
592,748,957,7,79,24,0.7181818181818181
593,744,1238,20,69,25,0.6052631578947368
594,956,1199,18,59,32,0.5412844036697247
596,690,965,7,87,11,0.8285714285714286
596,908,1277,16,49,42,0.45794392523364486
598,1108,1353,2,8,4,0.5714285714285714
599,1315,1697,14,69,30,0.6106194690265486
600,1270,1571,5,83,22,0.7545454545454545
601,1536,1773,6,8,6,0.4
602,1834,1852,15,58,39,0.5178571428571429
603,937,1144,8,84,26,0.711864406779661
604,899,1127,0,10,2,0.8333333333333334
604,1606,1803,1,14,1,0.875
605,1161,1351,3,7,6,0.4375
605,1219,1247,9,75,25,0.6880733944954128
606,750,1404,1,8,7,0.5
606,823,965,11,67,32,0.6090909090909091
607,703,1133,0,17,1,0.9444444444444444
607,1483,1841,18,53,37,0.49074074074074076
610,751,1033,2,11,5,0.6111111111111112
610,1066,1496,7,80,18,0.7619047619047619
610,1345,1651,4,59,39,0.5784313725490197
611,1166,1494,13,65,32,0.5909090909090909
612,794,969,3,7,7,0.4117647058823529
612,796,1577,13,71,31,0.6173913043478261
613,699,1809,3,7,6,0.4375
613,1144,1238,1,7,5,0.5384615384615384
613,1315,1799,6,87,16,0.7981651376146789
613,1619,1707,18,63,30,0.5675675675675675
614,1570,1580,6,77,26,0.7064220183486238
615,641,667,1,7,4,0.5833333333333334
615,1034,1265,6,72,31,0.6605504587155964
616,868,1507,37,41,39,0.3504273504273504
617,833,834,1,11,1,0.8461538461538461
617,1018,1620,15,66,30,0.5945945945945946
622,701,1820,0,12,1,0.9230769230769231
622,1019,1069,1,10,2,0.7692307692307693
622,1190,1197,0,16,0,1
622,1194,1797,6,7,6,0.3684210526315789
623,1218,1262,11,80,17,0.7407407407407407
623,1238,1417,0,11,6,0.6470588235294118
625,647,790,1,10,3,0.7142857142857143
625,684,1597,2,87,9,0.8877551020408163
625,886,918,3,8,3,0.5714285714285714
627,656,1665,0,11,7,0.6111111111111112
627,866,1595,18,53,31,0.5196078431372549
628,1112,1285,0,8,3,0.7272727272727273
628,1497,1826,1,11,3,0.7333333333333333
629,1065,1281,14,79,15,0.7314814814814815
629,1420,1850,1,12,1,0.8571428571428571
630,716,1043,2,8,4,0.5714285714285714
631,1058,1683,1,13,1,0.8666666666666667
631,1084,1206,0,11,5,0.6875
634,972,1474,9,76,30,0.6608695652173913
636,855,1080,11,88,16,0.7652173913043478
636,943,1748,7,81,19,0.7570093457943925
636,1463,1845,0,12,2,0.8571428571428571
637,968,1691,5,84,20,0.7706422018348624
637,974,1659,16,75,24,0.6521739130434783
637,1449,1498,2,13,5,0.65
638,1019,1490,2,10,3,0.6666666666666666
641,680,1740,9,55,43,0.514018691588785
641,1257,1338,12,55,41,0.5092592592592593
642,1137,1831,9,78,13,0.78
644,694,699,0,112,3,0.9739130434782609
644,1087,1233,20,47,45,0.41964285714285715
644,1333,1622,1,13,2,0.8125
645,911,1349,0,13,2,0.8666666666666667
646,674,721,1,12,3,0.75
646,712,1771,3,89,16,0.8240740740740741
648,689,1407,3,95,10,0.8796296296296297
648,1286,1597,17,52,40,0.47706422018348627
648,1425,1785,2,13,3,0.7222222222222222
649,1046,1598,5,62,42,0.5688073394495413
649,1488,1824,1,14,5,0.7
650,695,1227,0,12,7,0.631578947368421
650,908,1320,2,11,5,0.6111111111111112
650,1365,1406,12,70,34,0.603448275862069
651,1222,1422,9,62,43,0.543859649122807
653,656,1602,5,94,10,0.8623853211009175
653,861,1832,4,6,6,0.375
654,823,1235,14,51,47,0.45535714285714285
654,1001,1400,2,6,6,0.42857142857142855
656,1122,1792,1,14,1,0.875
657,774,1109,0,9,8,0.5294117647058824
657,867,1733,5,81,28,0.7105263157894737
658,809,1199,21,62,25,0.5740740740740741
658,1539,1722,6,104,7,0.8888888888888888
659,745,992,0,10,6,0.625
659,842,1542,1,14,1,0.875
660,997,1690,0,16,1,0.9411764705882353
660,1361,1546,11,86,16,0.7610619469026548
662,682,1357,0,15,0,1
662,859,1817,0,14,1,0.9333333333333333
662,1118,1165,4,8,6,0.4444444444444444
663,1147,1446,21,56,35,0.5
665,793,970,1,92,20,0.8141592920353983
665,972,1659,1,7,6,0.5
666,699,1007,3,10,6,0.5263157894736842
667,684,1272,3,105,5,0.9292035398230089
667,1083,1787,28,50,32,0.45454545454545453
668,935,1077,0,15,5,0.75
669,870,1832,3,6,4,0.46153846153846156
670,924,1131,35,38,37,0.34545454545454546
670,1086,1367,2,10,3,0.6666666666666666
674,853,1204,0,11,7,0.6111111111111112
674,1088,1484,26,54,30,0.4909090909090909
675,910,1139,0,13,3,0.8125
675,1768,1777,0,107,3,0.9727272727272728
676,1189,1696,4,5,4,0.38461538461538464
676,1273,1378,1,59,51,0.5315315315315315
677,1117,1377,4,95,9,0.8796296296296297
678,1140,1817,0,9,4,0.6923076923076923
678,1406,1578,19,77,19,0.6695652173913044
678,1694,1768,15,69,26,0.6272727272727273
679,1471,1519,1,11,5,0.6470588235294118
680,1135,1760,10,68,37,0.591304347826087
680,1368,1438,2,7,3,0.5833333333333334
682,1483,1816,0,13,2,0.8666666666666667
684,1332,1645,2,58,50,0.5272727272727272
684,1467,1793,3,6,5,0.42857142857142855
687,790,1336,2,8,3,0.6153846153846154
687,892,1091,8,62,43,0.5486725663716814
687,1600,1829,0,11,4,0.7333333333333333
688,1419,1748,2,9,3,0.6428571428571429
688,1664,1740,2,11,2,0.7333333333333333
689,723,1141,9,76,27,0.6785714285714286
689,1008,1138,18,55,35,0.5092592592592593
691,911,1567,3,8,7,0.4444444444444444
691,966,1776,3,10,4,0.5882352941176471
693,905,1798,0,12,3,0.8
694,838,1527,7,77,31,0.6695652173913044
694,1322,1576,0,11,2,0.8461538461538461
695,1051,1659,1,17,1,0.8947368421052632
695,1336,1786,7,102,7,0.8793103448275862
696,927,1503,0,16,1,0.9411764705882353
696,1204,1537,10,79,20,0.7247706422018348
696,1373,1826,5,59,51,0.5130434782608696
699,991,1368,0,14,3,0.8235294117647058
699,1398,1568,2,12,3,0.7058823529411765
700,1283,1584,25,44,43,0.39285714285714285
700,1323,1362,7,94,11,0.8392857142857143
702,874,1608,4,7,6,0.4117647058823529
704,812,1029,3,5,4,0.4166666666666667
705,788,1148,13,76,14,0.7378640776699029
705,1159,1400,3,93,10,0.8773584905660378
705,1518,1797,2,101,10,0.8938053097345132
706,715,1642,8,58,42,0.5370370370370371
706,731,1160,0,18,0,1
706,914,1120,2,15,4,0.7142857142857143
706,963,1523,3,9,3,0.6
708,1260,1701,1,9,6,0.5625
711,923,1436,2,12,6,0.6
713,813,1167,3,100,6,0.9174311926605505
713,1187,1490,3,7,5,0.4666666666666667
716,793,1378,1,12,2,0.8
716,1067,1286,3,13,3,0.6842105263157895
717,792,1621,1,12,4,0.7058823529411765
719,751,967,32,45,34,0.40540540540540543
719,814,1440,5,85,7,0.8762886597938144
720,758,1105,6,70,34,0.6363636363636364
721,1197,1558,0,12,1,0.9230769230769231
721,1197,1739,4,82,25,0.7387387387387387
724,1252,1337,10,85,14,0.7798165137614679
726,829,1002,0,82,22,0.7884615384615384
727,757,1568,1,14,4,0.7368421052631579
727,1566,1709,14,49,45,0.4537037037037037
729,1210,1570,2,105,3,0.9545454545454546
729,1294,1445,4,7,7,0.3888888888888889
730,1011,1785,20,65,30,0.5652173913043478
730,1075,1627,0,17,0,1
730,1283,1332,2,95,10,0.8878504672897196
731,902,1507,11,72,26,0.6605504587155964
731,1132,1224,21,57,31,0.5229357798165137
731,1184,1575,1,11,2,0.7857142857142857
732,988,1613,0,18,0,1
732,996,1619,4,11,5,0.55
732,1011,1734,9,95,10,0.8333333333333334
733,1441,1470,22,46,43,0.4144144144144144
734,737,1036,2,11,5,0.6111111111111112
734,986,1132,1,8,7,0.5
735,982,1411,0,17,5,0.7727272727272727
735,983,1325,2,11,3,0.6875
735,1144,1696,3,7,5,0.4666666666666667
736,1363,1494,25,50,32,0.4672897196261682
736,1446,1710,0,8,5,0.6153846153846154
738,971,1279,1,12,3,0.75
740,853,1467,0,10,3,0.7692307692307693
742,1514,1774,0,8,6,0.5714285714285714
746,777,1208,15,54,36,0.5142857142857142
746,800,1083,11,52,51,0.45614035087719296
746,1198,1574,19,73,21,0.6460176991150443
746,1503,1647,7,67,37,0.6036036036036037
747,959,1849,9,75,24,0.6944444444444444
749,878,1029,0,9,5,0.6428571428571429
749,1087,1300,1,15,3,0.7894736842105263
749,1109,1360,2,11,2,0.7333333333333333
749,1639,1774,1,12,6,0.631578947368421
751,1073,1108,0,11,1,0.9166666666666666
751,1283,1557,5,97,6,0.8981481481481481
752,1351,1782,1,13,2,0.8125
752,1478,1617,2,7,4,0.5384615384615384
754,1218,1512,21,68,25,0.5964912280701754
755,842,973,26,42,41,0.3853211009174312
755,1216,1355,0,13,4,0.7647058823529411
755,1221,1619,0,13,5,0.7222222222222222
757,872,1716,4,12,5,0.5714285714285714
757,1538,1805,25,43,42,0.39090909090909093
758,878,1818,4,10,7,0.47619047619047616
759,980,1247,11,56,39,0.5283018867924528
759,1063,1677,1,11,1,0.8461538461538461
759,1237,1757,2,9,8,0.47368421052631576
760,1358,1759,4,6,5,0.4
762,1483,1583,4,8,7,0.42105263157894735
763,870,1600,1,11,2,0.7857142857142857
765,1188,1761,11,87,19,0.7435897435897436
766,833,1697,20,44,42,0.41509433962264153
767,1230,1412,0,10,4,0.7142857142857143
767,1310,1467,2,93,15,0.8454545454545455
768,1285,1689,12,74,24,0.6727272727272727
770,1293,1591,15,73,18,0.6886792452830188
771,1141,1181,13,71,30,0.6228070175438597
772,1661,1791,17,68,22,0.6355140186915887
776,826,1259,2,9,3,0.6428571428571429
776,1603,1656,1,92,15,0.8518518518518519
779,1159,1584,16,70,21,0.6542056074766355
780,947,1364,1,9,3,0.6923076923076923
780,1243,1278,1,11,5,0.6470588235294118
783,837,1570,0,16,2,0.8888888888888888
783,839,1009,2,73,24,0.7373737373737373
783,920,1412,0,10,6,0.625
783,1449,1495,0,11,2,0.8461538461538461
783,1675,1726,2,9,4,0.6
784,991,1506,0,10,3,0.7692307692307693
785,1613,1823,0,15,2,0.8823529411764706
786,871,1695,2,7,5,0.5
786,1279,1432,29,50,35,0.43859649122807015
787,968,1708,33,42,37,0.375
787,1025,1622,2,8,5,0.5333333333333333
790,875,1558,11,83,13,0.7757009345794392
790,1502,1558,0,10,7,0.5882352941176471
790,1550,1743,4,10,4,0.5555555555555556
791,1343,1659,12,74,20,0.6981132075471698
792,1196,1715,3,7,6,0.4375
792,1318,1818,13,66,29,0.6111111111111112
793,1378,1474,1,11,2,0.7857142857142857
794,968,1022,2,73,28,0.7087378640776699
796,1497,1742,1,15,2,0.8333333333333334
797,885,1131,1,10,4,0.6666666666666666
798,1080,1385,0,15,1,0.9375
799,846,1474,0,12,5,0.7058823529411765
800,985,997,25,37,34,0.3854166666666667
800,1564,1650,7,65,42,0.5701754385964912
801,1120,1450,3,6,6,0.4
804,927,1349,2,6,2,0.6
804,1202,1722,3,12,3,0.6666666666666666
804,1335,1491,2,9,4,0.6
805,1096,1276,0,12,5,0.7058823529411765
808,847,1789,5,89,12,0.839622641509434
808,1147,1571,18,57,38,0.504424778761062
809,1270,1836,2,106,5,0.9380530973451328
810,1138,1232,3,8,3,0.5714285714285714
810,1342,1536,8,76,24,0.7037037037037037
813,1008,1142,1,12,2,0.8
813,1144,1683,9,71,25,0.6761904761904762
815,1248,1618,0,12,2,0.8571428571428571
816,876,908,11,86,19,0.7413793103448276
817,925,1515,6,85,15,0.8018867924528302
819,1001,1590,5,8,6,0.42105263157894735
820,928,1314,23,42,39,0.40384615384615385
820,1245,1598,23,69,23,0.6
821,1222,1753,4,66,32,0.6470588235294118
822,1071,1702,0,13,3,0.8125
823,1016,1248,0,105,1,0.9905660377358491
824,830,1843,9,91,13,0.8053097345132744
827,889,1536,2,7,4,0.5384615384615384
827,925,1163,4,7,5,0.4375
828,908,1702,12,71,28,0.6396396396396397
828,1363,1714,9,64,32,0.6095238095238096
830,870,1331,3,14,3,0.7
830,1179,1650,1,13,6,0.65
830,1512,1806,1,11,3,0.7333333333333333
831,1048,1176,0,10,5,0.6666666666666666
834,1277,1852,2,100,14,0.8620689655172413
836,1025,1529,9,85,21,0.7391304347826086
836,1052,1082,2,12,4,0.6666666666666666
837,1251,1755,1,8,3,0.6666666666666666
838,871,1512,11,84,18,0.7433628318584071
838,1070,1339,2,8,3,0.6153846153846154
838,1082,1835,0,17,0,1
838,1306,1409,0,19,1,0.95
838,1660,1712,14,67,28,0.6146788990825688
842,1323,1759,0,17,0,1
843,938,1181,12,80,18,0.7272727272727273
843,978,1778,20,68,25,0.6017699115044248
844,1677,1798,2,7,6,0.4666666666666667
845,1251,1833,1,15,1,0.8823529411764706
848,1352,1386,0,9,7,0.5625
848,1577,1811,0,14,4,0.7777777777777778
849,902,1744,1,10,3,0.7142857142857143
850,1719,1816,0,13,6,0.6842105263157895
852,1173,1509,0,19,0,1
854,985,1583,2,8,5,0.5333333333333333
854,1379,1606,0,11,3,0.7857142857142857
857,905,1029,3,5,5,0.38461538461538464
858,1701,1820,13,87,14,0.7631578947368421
859,987,1655,14,67,27,0.6203703703703703
859,1131,1693,10,80,27,0.6837606837606838
860,1358,1386,0,17,1,0.9444444444444444
862,1245,1753,2,7,5,0.5
863,1104,1132,0,12,1,0.9230769230769231
864,1476,1660,1,11,5,0.6470588235294118
865,1407,1853,0,18,0,1
866,1219,1547,19,72,22,0.6371681415929203
870,982,1329,11,74,24,0.6788990825688074
871,926,1840,2,12,3,0.7058823529411765
871,1182,1759,2,7,6,0.4666666666666667
871,1186,1295,25,47,37,0.43119266055045874
871,1656,1681,1,12,4,0.7058823529411765
872,951,1853,0,10,5,0.6666666666666666
874,1077,1513,12,53,49,0.4649122807017544
876,1041,1258,3,8,5,0.5
876,1245,1287,22,45,36,0.4368932038834951
877,883,1276,2,83,23,0.7685185185185185
878,1449,1613,1,16,1,0.8888888888888888
879,898,904,7,91,7,0.8666666666666667
879,1238,1785,1,105,1,0.9813084112149533
880,1260,1376,9,82,19,0.7454545454545455
882,1158,1835,4,84,20,0.7777777777777778
883,1342,1508,20,63,23,0.5943396226415094
883,1617,1710,12,64,35,0.5765765765765766
885,1560,1668,0,16,1,0.9411764705882353
886,920,1820,1,15,1,0.8823529411764706
886,1616,1763,10,86,15,0.7747747747747747
889,1405,1765,16,61,35,0.5446428571428571
891,1158,1789,3,84,21,0.7777777777777778
893,970,1175,4,5,4,0.38461538461538464
893,1115,1158,0,14,2,0.875
894,1029,1117,14,73,21,0.6759259259259259
897,943,1358,1,9,6,0.5625
898,906,1359,0,17,1,0.9444444444444444
898,944,1222,14,58,37,0.5321100917431193
901,1442,1772,0,14,1,0.9333333333333333
904,909,1158,0,17,1,0.9444444444444444
904,1202,1656,9,88,14,0.7927927927927928
905,1312,1740,22,54,32,0.5
906,1350,1755,2,9,4,0.6
907,1381,1802,15,56,41,0.5
908,1032,1813,0,14,3,0.8235294117647058
909,1146,1725,3,5,5,0.38461538461538464
909,1159,1253,21,53,35,0.48623853211009177
910,1592,1623,2,7,4,0.5384615384615384
913,1150,1271,31,46,35,0.4107142857142857
915,1066,1634,0,8,8,0.5
916,1156,1255,0,13,2,0.8666666666666667
919,1154,1227,3,9,6,0.5
920,998,1624,0,105,1,0.9905660377358491
923,1699,1709,14,51,42,0.4766355140186916
924,967,1838,18,53,44,0.4608695652173913
926,1311,1588,9,69,24,0.6764705882352942
926,1365,1591,1,12,4,0.7058823529411765
930,1255,1332,3,64,34,0.6336633663366337
930,1544,1545,1,13,2,0.8125
931,1328,1787,0,11,5,0.6875
932,1194,1571,15,55,33,0.5339805825242718
932,1589,1817,5,76,32,0.672566371681416
933,1014,1819,0,102,1,0.9902912621359223
934,1248,1784,0,16,3,0.8421052631578947
934,1272,1563,6,92,12,0.8363636363636363
935,1718,1784,7,89,16,0.7946428571428571
943,972,1426,9,89,10,0.8240740740740741
943,1161,1379,6,98,8,0.875
944,1274,1612,0,11,2,0.8461538461538461
945,1381,1804,8,90,13,0.8108108108108109
946,1323,1364,0,104,3,0.9719626168224299
948,1222,1588,0,12,1,0.9230769230769231
949,1224,1572,2,8,7,0.47058823529411764
952,1147,1450,2,7,6,0.4666666666666667
952,1169,1315,1,93,2,0.96875
952,1410,1419,1,11,1,0.8461538461538461
954,1487,1552,4,67,43,0.5877192982456141
955,1364,1815,1,12,4,0.7058823529411765
956,1118,1807,1,9,3,0.6923076923076923
956,1579,1723,1,105,8,0.9210526315789473
957,973,1047,1,88,17,0.8301886792452831
957,1516,1587,34,36,35,0.34285714285714286
963,1477,1852,12,84,19,0.7304347826086957
965,1318,1588,7,97,7,0.8738738738738738
966,1308,1838,0,10,4,0.7142857142857143
967,1197,1317,1,72,36,0.6605504587155964
967,1466,1747,1,16,1,0.8888888888888888
968,1034,1577,10,92,11,0.8141592920353983
971,1196,1338,2,6,5,0.46153846153846156
971,1302,1469,2,8,6,0.5
972,1553,1772,7,86,14,0.8037383177570093
973,1045,1320,1,111,1,0.9823008849557522
975,1428,1775,2,15,2,0.7894736842105263
976,998,1584,5,89,20,0.7807017543859649
976,1230,1584,0,10,6,0.625
976,1445,1786,2,7,5,0.5
977,1375,1838,1,9,2,0.75
979,1144,1395,17,56,34,0.5233644859813084
982,1530,1798,0,10,4,0.7142857142857143
983,1507,1804,0,11,2,0.8461538461538461
987,1702,1753,2,8,6,0.5
988,1125,1752,0,12,2,0.8571428571428571
989,1208,1255,0,17,1,0.9444444444444444
992,1290,1381,2,101,4,0.9439252336448598
992,1409,1606,0,18,0,1
992,1754,1842,20,61,33,0.5350877192982456
994,1286,1488,0,11,4,0.7333333333333333
997,1029,1437,2,10,4,0.625
999,1064,1353,2,9,6,0.5294117647058824
999,1315,1753,4,5,5,0.35714285714285715
1000,1168,1215,24,47,45,0.4051724137931034
1000,1639,1799,0,12,2,0.8571428571428571
1002,1046,1707,11,84,12,0.7850467289719626
1002,1429,1616,2,103,3,0.9537037037037037
1003,1179,1756,0,13,1,0.9285714285714286
1004,1548,1566,1,62,49,0.5535714285714286
1006,1240,1674,20,47,45,0.41964285714285715
1006,1337,1849,0,16,1,0.9411764705882353
1007,1228,1728,7,60,35,0.5882352941176471
1008,1434,1748,1,9,6,0.5625
1010,1151,1354,3,11,3,0.6470588235294118
1012,1326,1401,3,9,4,0.5625
1014,1390,1777,0,11,3,0.7857142857142857
1014,1502,1732,9,71,31,0.6396396396396397
1017,1325,1550,0,13,1,0.9285714285714286
1019,1032,1457,4,10,6,0.5
1021,1075,1612,10,57,39,0.5377358490566038
1021,1298,1494,1,9,4,0.6428571428571429
1023,1390,1568,22,61,29,0.5446428571428571
1024,1471,1572,1,7,5,0.5384615384615384
1028,1384,1573,21,61,21,0.5922330097087378
1028,1411,1460,15,56,35,0.5283018867924528
1029,1113,1120,1,7,7,0.4666666666666667
1031,1416,1828,1,12,6,0.631578947368421
1032,1220,1378,26,46,42,0.40350877192982454
1033,1330,1358,15,67,25,0.6261682242990654
1034,1147,1658,0,17,0,1
1034,1252,1821,9,85,11,0.8095238095238095
1038,1479,1828,15,73,17,0.6952380952380952
1038,1599,1827,8,58,39,0.5523809523809524
1039,1216,1247,9,85,16,0.7727272727272727
1039,1305,1311,20,62,31,0.5486725663716814
1041,1409,1586,1,55,55,0.4954954954954955
1044,1480,1737,0,8,4,0.6666666666666666
1045,1210,1732,5,60,45,0.5454545454545454
1045,1486,1664,0,6,5,0.5454545454545454
1046,1310,1810,8,84,10,0.8235294117647058
1047,1479,1741,1,101,9,0.9099099099099099
1048,1178,1531,0,18,1,0.9473684210526315
1049,1127,1294,6,60,46,0.5357142857142857
1049,1347,1503,17,77,20,0.6754385964912281
1050,1189,1682,9,65,36,0.5909090909090909
1051,1093,1619,10,62,29,0.6138613861386139
1054,1180,1226,6,82,24,0.7321428571428571
1054,1672,1682,2,82,20,0.7884615384615384
1057,1058,1482,16,57,23,0.59375
1057,1158,1374,16,71,26,0.6283185840707964
1059,1437,1745,3,61,48,0.5446428571428571
1062,1270,1505,4,88,18,0.8
1064,1398,1788,0,9,5,0.6428571428571429
1064,1486,1661,2,9,2,0.6923076923076923
1065,1346,1676,2,10,4,0.625
1066,1407,1763,0,16,1,0.9411764705882353
1068,1235,1782,1,9,1,0.8181818181818182
1075,1485,1723,0,12,3,0.8
1076,1287,1295,21,42,39,0.4117647058823529
1084,1317,1753,22,49,42,0.4336283185840708
1085,1181,1188,17,55,37,0.5045871559633027
1086,1302,1482,0,101,9,0.9181818181818182
1088,1427,1735,1,12,2,0.8
1088,1511,1616,26,42,40,0.3888888888888889
1089,1489,1675,13,57,29,0.5757575757575758
1092,1176,1394,0,107,1,0.9907407407407407
1093,1315,1392,7,46,39,0.5
1093,1478,1697,2,7,2,0.6363636363636364
1096,1311,1561,6,87,17,0.7909090909090909
1098,1200,1438,1,8,6,0.5333333333333333
1099,1757,1835,0,11,0,1
1100,1163,1519,3,65,39,0.6074766355140186
1100,1576,1791,3,7,4,0.5
1101,1255,1705,4,6,4,0.42857142857142855
1101,1314,1566,11,91,17,0.7647058823529411
1102,1117,1371,2,92,15,0.8440366972477065
1102,1336,1407,2,106,4,0.9464285714285714
1106,1279,1798,31,49,33,0.4336283185840708
1107,1609,1850,17,53,40,0.4818181818181818
1114,1254,1371,2,10,8,0.5
1114,1462,1508,8,79,19,0.7452830188679245
1116,1327,1834,1,104,3,0.9629629629629629
1116,1395,1515,4,7,4,0.4666666666666667
1118,1822,1826,0,14,1,0.9333333333333333
1121,1489,1735,10,60,39,0.5504587155963303
1123,1438,1719,0,18,0,1
1126,1230,1278,2,64,44,0.5818181818181818
1128,1324,1658,1,9,2,0.75
1131,1537,1568,0,9,2,0.8181818181818182
1135,1250,1555,2,14,2,0.7777777777777778
1141,1214,1709,14,51,49,0.4473684210526316
1142,1398,1724,34,44,35,0.3893805309734513
1143,1272,1770,5,97,16,0.8220338983050848
1145,1470,1533,10,59,41,0.5363636363636364
1146,1430,1584,24,61,28,0.5398230088495575
1147,1589,1662,4,6,4,0.42857142857142855
1148,1249,1377,2,11,4,0.6470588235294118
1151,1245,1769,7,94,9,0.8545454545454545
1151,1292,1710,0,14,2,0.875
1153,1313,1376,21,44,41,0.41509433962264153
1154,1221,1436,6,84,13,0.8155339805825242
1158,1224,1804,0,108,2,0.9818181818181818
1160,1220,1463,0,14,1,0.9333333333333333
1160,1381,1453,2,6,5,0.46153846153846156
1161,1754,1814,2,8,6,0.5
1162,1196,1449,14,69,24,0.6448598130841121
1165,1337,1729,1,11,5,0.6470588235294118
1165,1835,1837,11,90,12,0.7964601769911505
1171,1476,1719,0,102,6,0.9444444444444444
1178,1600,1610,17,68,26,0.6126126126126126
1184,1301,1386,20,45,45,0.4090909090909091
1184,1655,1817,2,12,6,0.6
1189,1410,1834,6,62,46,0.543859649122807
1192,1311,1486,13,60,39,0.5357142857142857
1193,1454,1711,4,96,6,0.9056603773584906
1198,1501,1841,5,93,7,0.8857142857142857
1201,1284,1639,2,13,4,0.6842105263157895
1201,1616,1817,22,53,27,0.5196078431372549
1205,1565,1601,1,105,6,0.9375
1218,1350,1477,12,78,25,0.6782608695652174
1224,1455,1460,1,15,3,0.7894736842105263
1226,1504,1771,2,13,5,0.65
1228,1536,1594,10,86,15,0.7747747747747747
1228,1655,1661,1,8,3,0.6666666666666666
1229,1288,1722,3,83,23,0.7614678899082569
1229,1292,1547,3,7,6,0.4375
1231,1527,1797,2,7,3,0.5833333333333334
1232,1491,1838,8,89,10,0.8317757009345794
1233,1576,1830,4,62,41,0.5794392523364486
1234,1727,1772,5,98,12,0.8521739130434782
1236,1471,1755,2,7,5,0.5
1239,1727,1828,4,8,5,0.47058823529411764
1241,1297,1694,8,64,38,0.5818181818181818
1242,1376,1812,5,69,38,0.6160714285714286
1242,1462,1796,3,6,4,0.46153846153846156
1243,1631,1709,34,42,38,0.3684210526315789
1245,1349,1616,2,6,5,0.46153846153846156
1246,1345,1714,1,111,4,0.9568965517241379
1247,1319,1320,0,15,1,0.9375
1259,1466,1823,11,65,33,0.5963302752293578
1261,1386,1584,0,17,2,0.8947368421052632
1262,1479,1608,13,54,37,0.5192307692307693
1271,1386,1388,1,12,3,0.75
1271,1405,1510,5,6,6,0.35294117647058826
1272,1634,1748,2,10,7,0.5263157894736842
1275,1336,1800,3,7,4,0.5
1276,1429,1813,1,13,6,0.65
1280,1410,1757,8,88,9,0.8380952380952381
1281,1512,1784,8,87,20,0.7565217391304347
1284,1370,1575,0,109,1,0.990909090909091
1286,1417,1633,3,106,4,0.9380530973451328
1295,1438,1584,1,12,4,0.7058823529411765
1301,1378,1507,4,7,6,0.4117647058823529
1303,1426,1576,2,12,3,0.7058823529411765
1304,1360,1524,0,10,2,0.8333333333333334
1305,1393,1790,0,15,3,0.8333333333333334
1308,1352,1565,3,90,13,0.8490566037735849
1311,1552,1819,2,8,4,0.5714285714285714
1323,1673,1756,1,104,3,0.9629629629629629
1326,1503,1522,2,101,8,0.9099099099099099
1330,1568,1777,1,7,7,0.4666666666666667
1337,1465,1764,20,57,36,0.504424778761062
1343,1371,1434,1,6,5,0.5
1344,1379,1559,0,20,1,0.9523809523809523
1348,1558,1776,1,17,2,0.85
1349,1538,1745,12,71,24,0.6635514018691588
1349,1805,1828,3,10,7,0.5
1356,1374,1686,2,12,5,0.631578947368421
1359,1388,1592,12,67,36,0.5826086956521739
1361,1756,1836,11,80,20,0.7207207207207207
1371,1708,1719,2,15,2,0.7894736842105263
1375,1633,1839,3,86,20,0.7889908256880734
1377,1405,1750,16,71,21,0.6574074074074074
1379,1472,1699,4,6,4,0.42857142857142855
1391,1416,1477,1,14,3,0.7777777777777778
1395,1772,1820,0,10,2,0.8333333333333334
1397,1419,1568,0,102,2,0.9807692307692307
1403,1651,1720,16,76,18,0.6909090909090909
1411,1431,1801,2,10,2,0.7142857142857143
1413,1514,1533,2,11,5,0.6111111111111112
1418,1604,1817,7,60,43,0.5454545454545454
1428,1544,1664,2,8,6,0.5
1432,1670,1810,4,8,4,0.5
1434,1482,1755,0,12,4,0.75
1443,1460,1563,3,101,7,0.9099099099099099
1443,1740,1745,1,8,4,0.6153846153846154
1449,1680,1717,5,86,13,0.8269230769230769
1451,1618,1767,2,96,12,0.8727272727272727
1451,1662,1777,21,57,34,0.5089285714285714
1454,1672,1773,1,98,10,0.8990825688073395
1457,1822,1845,16,65,28,0.5963302752293578
1459,1559,1751,18,51,34,0.49514563106796117
1464,1698,1710,1,11,5,0.6470588235294118
1480,1616,1802,2,10,2,0.7142857142857143
1483,1641,1792,2,10,7,0.5263157894736842
1492,1723,1810,1,8,6,0.5333333333333333
1497,1544,1567,0,111,2,0.9823008849557522
1499,1710,1764,3,106,4,0.9380530973451328
1513,1631,1677,24,52,31,0.48598130841121495
1520,1609,1696,0,11,6,0.6470588235294118
1523,1619,1701,1,55,54,0.5
1538,1654,1757,0,12,5,0.7058823529411765
1542,1698,1804,0,19,0,1
1546,1639,1696,0,13,3,0.8125
1549,1606,1755,11,83,14,0.7685185185185185
1749,1751,1820,2,7,3,0.5833333333333334
