id_lo,id_mid,id_hi,n
0,146,1534,102
0,176,1227,114
0,192,1088,17
0,688,1307,110
1,502,1157,106
1,1661,1753,17
2,77,746,112
2,1207,1541,17
3,64,425,110
3,231,1158,17
3,293,1367,109
3,313,1685,17
3,605,1184,13
3,779,1446,98
4,1453,1719,114
5,208,491,104
5,876,1275,110
6,223,1427,14
6,224,528,18
6,266,1551,110
6,741,1233,16
6,1220,1279,108
6,1358,1762,13
8,101,113,116
8,414,1675,14
8,906,1574,16
8,967,1763,17
8,1192,1598,113
8,1667,1710,108
9,183,1793,16
10,290,664,108
10,1121,1155,111
10,1240,1557,108
11,50,1500,16
11,59,564,110
11,125,503,114
11,336,1329,111
11,370,554,17
11,588,991,15
11,817,1007,18
12,992,1656,112
12,1402,1723,15
12,1465,1484,106
12,1799,1805,113
13,76,1042,18
13,124,1069,104
13,312,993,111
13,990,1502,10
14,131,931,104
14,180,1285,110
14,323,500,19
14,925,1782,109
15,295,732,16
15,380,1167,18
15,408,1484,16
16,312,845,114
16,430,431,16
16,1286,1364,16
17,1122,1539,108
18,244,1271,103
18,323,576,114
18,866,1493,108
18,989,1692,16
19,1030,1841,109
19,1103,1695,104
20,385,393,102
20,664,1705,20
20,727,1340,101
21,64,1297,110
21,202,1457,110
22,84,180,101
22,174,1192,18
22,843,1110,119
23,451,1270,104
23,524,1795,109
23,664,1633,19
24,128,1439,13
24,203,1759,114
24,583,1783,110
25,909,1091,18
26,64,798,18
26,92,1238,15
26,118,218,19
26,204,309,100
26,563,1618,18
26,734,984,17
27,125,412,109
27,152,701,18
27,258,1553,14
27,307,1351,16
27,756,1361,107
27,771,1568,108
27,875,1147,17
28,130,1570,113
28,312,1771,13
28,737,1620,18
28,1240,1611,112
29,701,1397,16
29,935,1516,15
29,1569,1690,16
30,174,1651,112
30,189,1793,16
30,217,770,11
31,210,1826,110
31,279,1733,17
31,470,1323,108
31,672,1801,107
32,55,899,17
32,151,445,17
32,559,1318,13
32,649,1304,106
33,321,1488,110
33,591,1624,17
33,1339,1455,11
34,256,415,109
34,409,835,102
34,742,1789,113
34,1217,1374,17
34,1268,1653,111
35,556,1650,14
35,589,1459,109
35,1701,1780,17
36,241,1661,113
36,1231,1667,14
37,156,387,14
37,733,1081,115
38,878,1545,112
38,905,1674,14
39,124,844,100
39,352,997,12
39,788,1122,107
39,799,1758,19
39,1017,1507,116
39,1041,1818,108
39,1393,1615,116
40,206,939,17
40,382,1532,116
40,1611,1763,18
41,115,1607,114
41,543,688,114
42,514,927,12
43,121,706,113
43,287,450,13
43,803,1240,17
43,1128,1296,105
43,1188,1459,110
44,699,1720,117
44,1028,1816,109
45,397,1525,14
46,510,1445,17
46,549,1303,16
46,1031,1551,13
47,641,1598,110
47,828,973,17
47,1450,1693,108
48,153,522,17
48,377,1537,109
48,1031,1633,19
49,75,967,106
49,482,1049,107
49,621,1524,109
50,86,601,15
50,512,849,18
50,817,1251,103
51,79,300,17
51,162,866,13
51,242,1281,18
51,845,999,21
52,206,1494,17
52,264,1828,17
52,314,391,17
52,439,640,17
52,712,771,115
53,99,1780,113
53,778,1144,15
53,837,1713,111
53,838,897,14
53,877,1096,16
54,201,624,111
54,258,339,109
54,472,1419,106
54,1216,1289,107
55,71,571,22
55,671,1807,108
55,983,1177,15
56,157,477,17
57,253,712,16
57,578,1231,110
58,132,1575,101
58,505,1087,113
59,634,1477,14
59,1248,1628,15
60,125,588,107
60,209,618,114
60,268,426,14
60,397,1806,16
61,342,1623,14
61,505,635,11
62,1012,1572,111
62,1314,1427,114
62,1375,1542,117
62,1392,1687,108
63,379,1172,20
63,446,1384,115
63,505,878,20
64,151,872,15
64,1352,1795,106
64,1573,1686,12
65,198,1481,14
65,501,1783,102
65,830,998,15
65,1301,1754,14
66,396,1273,108
66,798,1282,108
66,1431,1806,17
67,169,1480,103
67,874,1432,113
67,901,1691,13
68,108,128,14
68,110,1199,111
68,848,1180,16
68,874,968,16
68,1230,1364,19
68,1690,1702,15
69,478,1784,15
69,809,1196,14
69,1702,1797,109
70,214,1589,113
71,523,822,13
71,560,977,19
71,661,960,13
71,822,1307,17
71,1104,1606,106
71,1366,1539,14
72,650,1346,14
72,791,1796,107
72,927,1235,18
73,278,897,106
73,518,738,13
73,587,1397,106
74,333,1024,106
74,387,1602,18
74,407,686,11
74,452,1134,110
74,566,1697,16
74,908,1629,11
74,1121,1708,108
74,1311,1814,108
75,297,767,110
75,321,1549,106
75,457,536,13
75,1027,1766,15
75,1552,1733,108
76,141,1659,107
76,891,1244,14
77,747,1164,111
77,1080,1282,18
78,1277,1504,107
78,1355,1784,15
79,125,424,105
79,211,1846,13
79,937,1181,16
79,1017,1754,111
80,94,1403,14
81,109,271,12
81,246,328,16
81,536,1091,111
81,681,805,108
81,1047,1288,19
82,405,1562,13
82,423,1186,17
82,499,1541,103
82,897,1653,16
82,926,1813,111
83,130,720,14
83,176,1212,101
83,795,972,109
83,846,1457,14
83,1492,1526,17
83,1751,1840,14
84,146,347,18
84,809,1450,17
84,960,1227,110
85,212,1065,101
85,470,1669,111
85,590,906,111
86,1201,1472,15
87,101,696,108
87,166,466,14
87,545,1810,105
87,1102,1421,117
87,1302,1607,105
88,503,1725,20
88,546,1806,111
90,494,686,14
90,522,1601,17
90,1299,1563,17
91,181,1720,15
91,342,392,104
91,546,1465,14
92,119,248,104
92,168,850,112
92,917,1727,110
92,1108,1242,15
92,1403,1445,109
93,1228,1320,12
94,592,1367,13
94,1008,1651,14
95,200,1664,104
95,863,1316,17
95,1007,1846,108
96,186,1527,19
96,936,1216,13
97,437,1519,12
97,757,1149,108
97,1046,1715,108
97,1269,1636,107
98,238,697,109
98,486,1031,110
98,714,1680,119
99,903,1665,108
99,1006,1049,105
100,353,412,18
100,979,1608,113
100,1360,1819,105
101,236,991,106
101,1003,1509,111
101,1450,1666,10
102,591,1133,107
103,230,1063,19
103,487,1435,109
104,390,1490,103
104,1288,1561,105
104,1381,1795,101
104,1500,1619,108
105,210,1307,114
105,638,1689,14
106,248,908,17
106,502,1781,20
106,555,1534,105
106,649,1681,17
106,663,1733,109
106,724,732,112
106,889,1019,104
106,1234,1461,111
106,1482,1785,109
107,370,459,110
107,529,943,17
107,612,1029,110
108,813,1264,111
108,1082,1377,14
109,207,782,110
109,380,893,14
109,912,1385,18
109,916,1425,115
109,1038,1557,109
110,161,982,113
110,495,594,18
111,524,1725,111
111,1206,1788,15
111,1461,1797,111
112,618,1247,14
112,780,1733,107
112,1190,1625,17
113,285,1082,11
113,700,962,114
113,1245,1538,13
114,507,1183,18
115,559,1341,109
115,663,1557,108
115,725,1091,17
116,460,587,15
116,825,1192,109
117,172,734,15
117,463,1435,109
117,587,685,16
118,406,691,110
118,583,1171,111
118,617,1722,16
119,357,871,107
119,358,626,14
119,856,1673,113
120,1528,1818,17
121,165,775,111
121,208,835,19
121,499,595,110
122,657,1145,105
123,139,566,113
123,554,1393,18
123,628,904,16
124,137,1564,15
124,374,1486,105
125,167,1496,16
125,426,633,115
125,674,1574,15
125,854,1381,15
125,859,1265,18
125,937,1831,12
126,212,1546,17
126,465,1031,13
126,588,953,114
127,208,1003,105
127,733,1106,16
127,816,1179,12
127,1420,1426,117
127,1802,1839,108
128,136,1026,106
129,201,623,15
129,316,1407,113
129,1180,1575,15
129,1765,1800,14
130,255,817,114
130,346,715,118
130,1065,1254,14
131,861,1618,108
131,881,1101,107
132,235,842,109
132,957,1343,17
133,506,1608,15
133,551,1073,106
133,666,1738,13
134,161,643,16
134,221,1390,19
134,308,1742,106
134,348,384,105
134,489,868,15
134,533,814,17
134,865,1030,18
134,880,1646,109
134,1177,1179,21
135,238,1218,16
135,520,542,18
135,1261,1501,108
136,740,997,107
137,995,1188,111
137,1350,1565,105
138,145,644,15
138,249,1356,105
138,299,1610,20
138,374,982,13
138,810,1381,15
138,1523,1733,16
139,992,1658,15
139,1521,1823,12
140,243,1849,110
141,159,433,117
141,431,1470,111
141,954,1509,109
141,1004,1310,17
142,572,1055,113
142,1193,1787,14
143,542,955,107
143,1705,1831,101
145,249,1675,13
145,797,1793,103
145,1104,1659,19
146,1000,1739,15
147,641,1137,104
148,612,1195,17
148,646,1188,17
148,930,1372,110
148,1470,1751,16
149,916,1184,105
149,1228,1241,15
150,305,1425,114
150,484,1152,107
150,1025,1354,16
151,186,1718,110
151,208,1652,103
151,629,743,13
151,1147,1794,17
151,1291,1446,117
152,552,1118,106
153,245,1075,13
153,289,1656,17
153,476,1015,18
153,750,1224,111
153,1159,1697,109
154,501,1784,19
155,475,1325,17
155,545,761,115
155,1001,1429,107
155,1126,1461,19
156,590,1178,111
156,670,1802,18
156,856,1851,15
157,550,1230,110
157,963,994,17
158,171,1686,102
158,766,1605,17
158,1269,1453,107
159,512,885,15
159,1376,1408,107
159,1462,1547,100
160,276,666,13
160,891,1333,115
160,1288,1727,14
161,449,1658,19
161,595,1551,106
161,732,1682,18
162,496,799,19
162,525,1442,15
162,980,1798,111
163,351,1811,110
163,588,1389,111
163,1016,1457,112
163,1502,1699,15
164,462,1842,114
165,264,514,14
166,261,1659,110
166,359,1529,111
166,684,1678,14
166,702,830,116
167,496,624,111
167,753,1461,109
167,795,1480,109
168,268,725,115
168,330,614,18
168,595,1618,112
168,1094,1831,107
169,936,1762,14
169,1493,1551,14
170,358,1004,16
170,973,1038,16
170,1164,1343,18
172,174,1519,107
172,651,773,14
172,1717,1726,108
173,469,967,13
173,798,816,111
173,836,904,16
174,793,1156,15
174,932,1758,13
174,942,1163,15
174,992,1476,107
175,296,950,11
175,721,1373,108
176,480,596,15
176,503,511,14
177,217,1216,18
177,251,733,14
177,798,803,115
178,866,1054,16
179,202,535,114
179,437,999,108
179,1002,1227,19
180,196,798,110
181,251,1306,108
181,365,1656,109
181,674,1795,18
181,754,1396,16
182,556,1054,111
182,789,1067,20
182,842,1795,12
183,759,1798,15
183,943,1553,112
185,1434,1594,18
186,660,1659,113
187,434,1759,16
187,435,1433,19
187,1416,1473,100
188,375,871,105
188,585,1445,15
188,611,637,14
188,1281,1826,15
189,350,887,17
190,204,1112,19
190,1624,1806,101
191,207,1060,15
191,328,1284,15
191,658,1819,16
192,257,1338,116
192,491,1824,17
192,559,1542,14
192,797,836,17
192,812,1746,103
192,878,1019,110
192,1230,1531,17
193,540,1677,14
193,964,1148,112
194,553,1443,110
194,680,793,106
194,787,1017,18
195,1021,1333,107
196,341,1717,14
196,343,1419,15
196,824,1356,16
197,887,1690,16
198,409,836,18
198,581,672,105
199,333,463,111
199,437,915,18
199,733,1623,15
199,1378,1482,110
200,337,1370,18
200,497,984,17
200,924,1224,107
201,323,1542,18
201,918,1710,106
202,456,1805,14
203,396,1320,19
203,1052,1193,115
203,1316,1354,18
204,260,867,13
204,360,1671,18
205,268,480,115
205,331,1376,11
205,619,934,17
205,1600,1690,112
206,1058,1845,103
206,1284,1708,108
206,1830,1848,14
207,855,1723,116
208,404,1530,14
208,604,1372,114
209,242,531,108
209,250,1061,113
209,403,646,15
209,569,1817,19
209,725,1660,100
209,1111,1206,17
210,237,675,20
210,568,801,111
211,266,1125,106
211,386,687,109
211,1279,1622,11
212,286,1426,103
212,341,1128,16
212,348,358,12
212,886,1609,17
212,1370,1759,117
213,451,1245,17
213,493,729,118
214,281,448,16
214,607,1405,111
214,1251,1376,15
215,897,1451,111
215,1207,1348,17
215,1371,1589,15
216,1540,1651,13
218,354,486,104
218,619,1522,113
218,959,1547,13
219,1402,1851,110
220,548,776,112
221,274,301,17
221,646,1199,15
221,896,1218,13
222,290,1632,15
222,297,1550,112
222,783,1783,113
223,1192,1688,109
225,520,1580,12
225,1200,1420,114
226,280,1006,111
226,394,663,13
226,870,1464,15
227,367,1384,111
227,556,1191,112
227,968,1139,112
227,1536,1632,15
228,302,1491,109
228,664,1529,109
228,809,1314,16
228,1196,1502,18
229,785,1527,14
229,904,1519,103
230,518,1014,16
231,408,539,19
231,430,1461,112
231,1475,1782,109
232,376,1784,15
233,337,1619,19
233,656,1309,19
234,323,1757,16
235,628,1492,18
235,869,1166,110
235,1130,1811,108
236,845,1677,19
236,1529,1554,13
237,340,1829,107
237,1303,1483,103
237,1573,1789,18
237,1768,1820,17
238,307,771,16
238,500,1274,15
239,934,1656,112
239,982,1497,100
239,1751,1838,16
240,532,671,106
240,1038,1529,110
241,750,1772,113
242,448,869,110
242,856,1035,16
242,980,1454,113
242,1069,1761,109
244,430,803,103
244,1220,1830,110
245,343,729,13
245,967,1161,12
246,259,1382,20
246,1407,1741,115
248,1203,1575,17
248,1233,1818,12
249,369,829,111
249,1189,1452,107
250,306,1565,108
250,988,1088,17
251,593,833,16
251,855,1056,108
252,331,1227,109
252,479,1317,108
252,690,1586,14
253,948,974,115
253,1799,1834,117
254,477,1772,113
254,1007,1403,108
254,1070,1074,113
255,731,945,108
256,408,1515,16
257,439,1740,107
257,576,1436,16
257,715,1322,16
258,917,1225,103
258,956,1761,15
258,1390,1728,19
259,642,792,16
259,836,1840,15
259,1137,1627,109
260,1318,1447,100
262,994,1707,114
263,276,965,110
263,394,1026,104
264,281,559,15
264,282,1652,118
264,355,1783,16
264,404,419,18
265,614,1053,111
267,280,1413,16
267,512,544,112
267,529,1760,16
268,1214,1333,108
269,444,1708,16
269,627,1808,108
269,800,1492,15
269,1063,1836,16
269,1461,1793,17
270,801,1752,13
272,311,582,105
273,550,708,106
273,900,1227,109
274,389,899,21
274,631,1340,17
274,975,1551,109
274,992,1783,18
274,1336,1759,106
275,315,346,108
275,344,1811,15
275,899,1486,12
275,1146,1624,15
276,477,1014,106
276,918,1762,13
277,504,882,110
277,622,1534,14
277,1097,1321,112
278,288,1512,114
278,1005,1227,14
278,1794,1822,115
279,462,518,111
279,906,1443,113
279,920,1611,112
280,667,1797,10
280,1219,1363,17
281,571,1113,18
281,657,1680,116
281,798,1094,110
281,977,1250,117
281,1116,1638,111
282,382,484,115
282,409,1530,109
282,642,1205,18
282,1187,1257,101
283,441,1492,113
283,1650,1787,21
284,649,893,108
284,1010,1153,16
284,1012,1572,112
284,1778,1849,16
285,499,1005,18
285,1230,1446,116
285,1309,1699,111
285,1337,1636,18
286,583,1788,104
286,1144,1340,16
287,714,1641,13
287,865,1689,111
287,1069,1292,106
288,600,1197,14
288,975,1052,18
289,686,1425,14
289,1205,1434,111
289,1232,1395,17
290,549,1648,108
290,1133,1822,18
290,1466,1693,14
291,553,1412,11
291,756,1168,14
292,352,401,107
292,1016,1623,106
292,1600,1674,108
293,839,1498,17
294,602,1532,114
294,989,1267,110
294,1038,1685,14
295,320,1192,16
295,539,1558,15
295,738,851,113
295,1078,1489,16
295,1350,1807,110
296,643,684,106
297,1630,1765,106
297,1757,1777,109
298,399,1590,107
299,381,528,14
299,473,1670,113
299,759,1059,18
299,1089,1790,15
299,1536,1604,17
300,1088,1779,14
301,460,1345,111
301,506,1278,110
301,619,1478,13
301,1154,1465,14
302,671,1715,15
302,779,1579,16
302,875,1533,15
303,977,1293,111
304,364,1111,101
304,367,853,15
304,523,1039,112
304,537,1514,101
304,554,1126,18
305,354,1312,11
305,361,727,18
305,420,1781,16
305,629,818,12
305,677,1674,101
305,1263,1762,102
307,322,990,18
307,432,1369,20
307,623,828,112
307,766,1384,14
308,884,1000,15
308,1262,1263,15
309,1142,1811,111
310,395,1804,107
310,559,1609,105
310,675,1490,11
310,750,1807,112
311,463,1311,15
311,558,1545,11
311,662,1401,108
311,783,978,17
311,1003,1673,106
311,1409,1469,110
312,1029,1446,111
313,329,491,110
313,880,1110,104
314,405,1559,116
314,467,1788,16
314,584,1391,110
314,879,1369,16
315,1005,1315,104
316,873,1144,116
316,1155,1698,114
316,1338,1809,13
317,1067,1539,111
318,1220,1369,112
318,1400,1525,14
319,321,1049,111
319,533,718,14
319,568,641,115
320,364,1484,113
320,823,922,16
322,653,750,18
323,801,962,21
325,585,1166,111
325,648,1110,112
326,688,925,13
327,855,992,105
327,929,950,113
328,692,1423,110
328,747,995,115
328,748,1389,102
328,1053,1152,113
328,1729,1788,15
329,412,1577,109
329,433,769,107
329,439,1306,113
329,1243,1348,14
331,365,1358,107
331,667,1334,113
332,589,851,107
332,601,1193,12
333,1240,1770,16
333,1445,1763,111
333,1703,1761,17
334,1197,1469,15
335,1225,1713,15
336,341,1071,18
336,347,853,14
336,687,856,109
336,746,1193,18
336,813,1726,16
336,874,882,19
336,1029,1472,107
337,930,1002,12
337,1692,1801,110
338,350,1018,17
338,376,1829,19
338,1330,1663,110
338,1591,1800,16
339,395,1087,110
339,702,921,11
339,1196,1387,17
339,1823,1825,112
340,510,1199,16
341,443,1298,16
341,1425,1663,106
341,1521,1803,108
342,563,726,16
342,750,1510,113
343,596,986,104
343,688,875,15
344,371,876,112
344,522,597,109
344,617,977,19
346,1368,1592,111
347,1117,1700,18
349,627,1414,17
350,849,1616,15
350,1091,1483,108
351,559,1132,117
351,910,945,109
351,1033,1591,111
351,1192,1807,15
352,548,935,115
352,1415,1560,15
353,894,1669,107
353,964,1732,15
354,620,1022,111
354,694,1280,18
354,1555,1583,14
355,439,1459,19
355,1244,1720,13
356,774,1369,18
358,677,1381,114
359,443,509,103
360,555,951,108
360,634,767,110
360,1377,1755,104
361,363,667,104
361,496,561,15
361,619,1028,113
362,470,1492,13
362,560,1301,14
362,1072,1227,104
362,1182,1258,15
363,969,1414,114
363,1650,1706,13
365,796,1687,14
365,799,1216,107
365,843,1150,18
365,964,977,14
365,1064,1670,16
365,1079,1333,19
366,373,1498,16
366,428,514,19
366,640,1524,111
367,914,1794,15
367,1322,1605,106
368,538,1463,17
368,820,1369,111
368,1558,1802,110
369,1442,1518,14
370,518,1542,106
370,1382,1438,16
371,1175,1561,115
371,1389,1471,13
372,818,1126,107
372,874,1507,108
372,1025,1572,111
372,1115,1268,18
373,711,910,108
373,934,989,116
373,1152,1158,15
373,1220,1722,18
373,1227,1779,18
374,639,797,104
374,905,1450,21
375,378,1216,20
375,464,1563,112
375,581,780,110
375,781,1234,16
375,839,1086,116
377,394,791,17
377,423,1005,104
378,492,902,105
378,915,1343,101
378,1098,1739,16
379,404,976,108
380,791,1108,104
382,985,992,107
382,1094,1636,102
383,745,1799,13
383,1659,1779,111
384,1674,1755,17
385,806,1591,15
385,978,1319,106
385,1480,1756,104
386,502,1423,117
387,658,977,19
387,1042,1767,113
388,467,1222,15
388,595,844,115
388,1192,1368,14
390,1521,1788,118
392,597,1744,20
393,1015,1165,16
394,796,1818,116
394,1119,1781,14
394,1579,1580,109
395,491,1844,19
395,605,1115,16
396,427,1185,111
396,1003,1668,15
396,1073,1729,115
396,1085,1726,115
396,1448,1519,115
397,716,796,110
397,821,1261,16
400,583,1829,15
401,613,1269,110
401,710,787,15
401,857,911,112
401,1044,1349,13
401,1051,1240,20
402,632,1145,15
404,1028,1461,21
404,1255,1680,14
404,1267,1580,110
404,1479,1635,105
404,1516,1544,19
405,416,647,109
405,638,1213,14
405,771,1005,12
405,849,1394,11
405,1103,1798,111
405,1439,1514,15
406,609,1807,112
406,629,1682,112
407,1205,1309,18
407,1288,1475,100
408,567,603,112
408,977,1584,12
409,438,1266,108
409,1676,1818,114
410,1713,1733,113
411,729,971,109
411,914,980,111
412,633,1231,20
412,875,1835,16
413,682,821,14
413,858,1044,110
413,1351,1427,15
414,618,702,15
415,430,847,103
415,1133,1580,115
416,638,1305,13
416,657,1540,18
416,685,1070,15
417,636,1036,114
417,848,1094,19
417,883,1724,111
417,1046,1733,13
417,1241,1585,16
418,618,1807,111
419,715,744,21
419,833,1617,110
421,664,781,18
421,959,1099,105
421,1106,1117,105
421,1315,1580,16
422,819,1555,114
422,1234,1453,112
424,490,1534,14
424,689,883,14
424,731,1773,18
425,1599,1601,16
426,954,1386,99
426,1291,1355,16
427,1020,1210,113
428,604,1809,16
429,499,1185,109
429,722,1308,13
430,674,972,108
431,980,1426,108
431,1726,1783,104
432,1400,1460,15
433,769,1543,16
434,480,1378,108
434,914,1294,100
434,1091,1490,14
436,571,1036,111
437,613,793,107
437,1219,1408,15
437,1356,1829,20
438,1091,1354,19
438,1268,1832,19
439,1354,1501,108
440,465,1133,15
440,690,777,114
441,472,1582,114
441,629,1464,104
441,740,1368,16
441,1172,1210,111
442,450,1074,16
442,1194,1626,15
443,521,717,109
443,1369,1754,107
444,801,1042,13
445,1095,1799,107
445,1188,1680,108
446,1187,1805,19
446,1228,1708,106
447,601,1511,112
447,1003,1006,15
447,1078,1764,113
448,519,1425,112
448,967,1082,107
448,1581,1629,13
448,1692,1766,13
449,715,1762,110
449,843,877,107
449,1280,1650,105
449,1372,1653,17
450,716,919,105
451,673,1117,15
451,950,1451,13
452,551,866,115
452,897,1283,16
453,657,1547,119
453,1083,1781,14
454,482,1040,15
454,954,1553,103
455,1237,1787,17
455,1251,1264,17
456,697,1617,112
457,1203,1270,110
458,972,1109,109
458,1291,1712,110
459,689,1034,112
459,1241,1617,18
460,469,952,111
460,1004,1441,111
460,1082,1774,15
460,1393,1838,11
462,526,1700,104
462,599,723,105
463,636,645,14
463,676,1575,16
463,1730,1741,13
464,467,1739,106
465,668,1765,13
465,1063,1347,98
465,1126,1738,111
466,760,1590,108
466,908,1767,13
467,659,1240,16
467,709,1318,109
467,904,1044,109
467,1093,1499,14
468,672,964,13
469,857,1566,13
469,1373,1489,17
470,1006,1314,18
473,830,1097,114
474,1686,1691,12
475,740,1374,112
477,486,1751,113
478,864,972,15
478,924,1065,16
478,1148,1267,113
478,1179,1841,112
479,1290,1657,16
480,748,1349,105
480,911,1426,18
480,1006,1314,17
480,1038,1370,110
480,1719,1765,103
482,609,1389,11
482,641,1666,109
482,1107,1646,15
482,1182,1750,17
483,499,1422,15
483,1453,1568,14
484,1662,1802,17
486,492,591,110
486,498,1291,19
487,816,840,106
487,946,1436,15
487,1072,1609,110
487,1216,1755,15
488,536,610,112
488,799,1724,102
489,539,1549,115
489,833,1280,14
489,975,1273,109
490,688,1227,113
491,538,817,108
492,829,971,117
492,994,1754,15
492,1270,1551,101
493,1009,1486,16
494,1731,1830,109
495,699,709,107
495,752,1774,17
495,764,1449,106
496,1073,1767,110
496,1311,1675,15
499,805,940,17
499,818,1237,112
500,1399,1700,105
500,1457,1836,110
501,1104,1697,107
503,1658,1675,19
504,1102,1604,15
506,620,815,13
506,970,1525,15
506,1137,1456,110
507,956,1760,119
507,1688,1715,109
508,960,1240,16
508,1156,1625,103
509,641,1135,111
509,815,1384,106
509,994,1503,17
509,1014,1297,15
509,1321,1652,108
510,1221,1780,114
511,970,1006,106
512,595,814,16
512,690,1486,14
512,1452,1685,110
513,574,1554,105
513,683,906,110
513,693,1827,114
513,941,1475,106
513,1000,1149,104
513,1155,1156,16
513,1293,1550,107
514,1001,1566,114
515,714,728,15
515,1078,1332,20
516,745,962,109
516,1205,1683,15
517,774,1545,105
518,538,1187,18
518,860,1024,112
519,557,739,14
519,897,1521,18
519,1188,1248,108
519,1271,1704,14
522,808,1491,105
524,1360,1685,98
525,639,694,14
526,1399,1731,115
526,1591,1844,17
527,694,1837,109
528,1031,1375,13
529,534,1477,110
529,878,1740,96
529,1177,1508,107
530,1457,1735,105
531,647,1548,17
532,624,771,18
532,905,1658,108
533,563,1298,14
534,539,958,115
535,1108,1293,17
536,822,1483,17
536,839,1321,114
536,1003,1542,12
538,541,1560,14
538,1163,1223,17
539,920,1014,105
542,720,1524,15
542,1827,1831,117
543,717,1736,15
543,966,1113,12
545,683,1447,111
545,775,1606,106
545,1021,1179,13
546,689,1731,16
546,903,1767,109
546,1034,1738,114
547,1000,1442,13
549,788,1515,105
549,1057,1573,107
551,626,1000,114
553,1303,1730,14
554,752,942,117
556,983,1820,16
556,1060,1390,108
557,735,1002,111
557,881,1669,16
558,563,1796,17
558,772,1253,112
559,815,1173,113
559,1617,1779,117
560,947,1049,18
561,867,1262,13
562,647,840,11
562,901,1346,15
563,914,1031,113
563,1296,1476,18
563,1567,1714,113
565,587,1059,18
565,909,1735,111
565,1624,1730,110
566,1524,1589,102
567,591,966,106
567,665,710,100
568,795,1738,105
569,1293,1632,109
570,786,876,106
572,1617,1853,16
574,666,911,112
574,1189,1256,108
576,1034,1840,18
577,1058,1487,18
577,1281,1817,107
578,618,1167,14
578,706,1381,113
578,860,1661,113
578,1054,1303,109
580,790,1171,16
581,619,648,104
581,670,1073,106
581,1167,1406,109
582,642,729,111
583,640,663,110
583,756,947,18
583,1092,1272,15
584,732,1574,112
584,1160,1639,118
584,1457,1783,109
585,608,976,106
585,649,1019,15
585,954,1482,114
585,1091,1793,12
585,1460,1648,114
586,906,979,14
586,1154,1699,115
587,864,1408,11
587,1078,1739,115
588,1162,1593,20
590,1059,1521,15
591,775,1605,15
591,1288,1511,18
592,748,957,110
593,744,1238,114
594,956,1199,109
596,690,965,105
596,908,1277,107
598,1108,1353,14
599,1315,1697,113
600,1270,1571,110
601,1536,1773,20
602,1834,1852,112
603,937,1144,118
604,899,1127,12
604,1606,1803,16
605,1161,1351,16
605,1219,1247,109
606,750,1404,16
606,823,965,110
607,703,1133,18
607,1483,1841,108
610,751,1033,18
610,1066,1496,105
610,1345,1651,102
611,1166,1494,110
612,794,969,17
612,796,1577,115
613,699,1809,16
613,1144,1238,13
613,1315,1799,109
613,1619,1707,111
614,1570,1580,109
615,641,667,12
615,1034,1265,109
616,868,1507,117
617,833,834,13
617,1018,1620,111
622,701,1820,13
622,1019,1069,13
622,1190,1197,16
622,1194,1797,19
623,1218,1262,108
623,1238,1417,17
625,647,790,14
625,684,1597,98
625,886,918,14
627,656,1665,18
627,866,1595,102
628,1112,1285,11
628,1497,1826,15
629,1065,1281,108
629,1420,1850,14
630,716,1043,14
631,1058,1683,15
631,1084,1206,16
634,972,1474,115
636,855,1080,115
636,943,1748,107
636,1463,1845,14
637,968,1691,109
637,974,1659,115
637,1449,1498,20
638,1019,1490,15
641,680,1740,107
641,1257,1338,108
642,1137,1831,100
644,694,699,115
644,1087,1233,112
644,1333,1622,16
645,911,1349,15
646,674,721,16
646,712,1771,108
648,689,1407,108
648,1286,1597,109
648,1425,1785,18
649,1046,1598,109
649,1488,1824,20
650,695,1227,19
650,908,1320,18
650,1365,1406,116
651,1222,1422,114
653,656,1602,109
653,861,1832,16
654,823,1235,112
654,1001,1400,14
656,1122,1792,16
657,774,1109,17
657,867,1733,114
658,809,1199,108
658,1539,1722,117
659,745,992,16
659,842,1542,16
660,997,1690,17
660,1361,1546,113
662,682,1357,15
662,859,1817,15
662,1118,1165,18
663,1147,1446,112
665,793,970,113
665,972,1659,14
666,699,1007,19
667,684,1272,113
667,1083,1787,110
668,935,1077,20
669,870,1832,13
670,924,1131,110
670,1086,1367,15
674,853,1204,18
674,1088,1484,110
675,910,1139,16
675,1768,1777,110
676,1189,1696,13
676,1273,1378,111
677,1117,1377,108
678,1140,1817,13
678,1406,1578,115
678,1694,1768,110
679,1471,1519,17
680,1135,1760,115
680,1368,1438,12
682,1483,1816,15
684,1332,1645,110
684,1467,1793,14
687,790,1336,13
687,892,1091,113
687,1600,1829,15
688,1419,1748,14
688,1664,1740,15
689,723,1141,112
689,1008,1138,108
691,911,1567,18
691,966,1776,17
693,905,1798,15
694,838,1527,115
694,1322,1576,13
695,1051,1659,19
695,1336,1786,116
696,927,1503,17
696,1204,1537,109
696,1373,1826,115
699,991,1368,17
699,1398,1568,17
700,1283,1584,112
700,1323,1362,112
702,874,1608,17
704,812,1029,12
705,788,1148,103
705,1159,1400,106
705,1518,1797,113
706,715,1642,108
706,731,1160,18
706,914,1120,21
706,963,1523,15
708,1260,1701,16
711,923,1436,20
713,813,1167,109
713,1187,1490,15
716,793,1378,15
716,1067,1286,19
717,792,1621,17
719,751,967,111
719,814,1440,97
720,758,1105,110
721,1197,1558,13
721,1197,1739,111
724,1252,1337,109
726,829,1002,104
727,757,1568,19
727,1566,1709,108
729,1210,1570,110
729,1294,1445,18
730,1011,1785,115
730,1075,1627,17
730,1283,1332,107
731,902,1507,109
731,1132,1224,109
731,1184,1575,14
732,988,1613,18
732,996,1619,20
732,1011,1734,114
733,1441,1470,111
734,737,1036,18
734,986,1132,16
735,982,1411,22
735,983,1325,16
735,1144,1696,15
736,1363,1494,107
736,1446,1710,13
738,971,1279,16
740,853,1467,13
742,1514,1774,14
746,777,1208,105
746,800,1083,114
746,1198,1574,113
746,1503,1647,111
747,959,1849,108
749,878,1029,14
749,1087,1300,19
749,1109,1360,15
749,1639,1774,19
751,1073,1108,12
751,1283,1557,108
752,1351,1782,16
752,1478,1617,13
754,1218,1512,114
755,842,973,109
755,1216,1355,17
755,1221,1619,18
757,872,1716,21
757,1538,1805,110
758,878,1818,21
759,980,1247,106
759,1063,1677,13
759,1237,1757,19
760,1358,1759,15
762,1483,1583,19
763,870,1600,14
765,1188,1761,117
766,833,1697,106
767,1230,1412,14
767,1310,1467,110
768,1285,1689,110
770,1293,1591,106
771,1141,1181,114
772,1661,1791,107
776,826,1259,14
776,1603,1656,108
779,1159,1584,107
780,947,1364,13
780,1243,1278,17
783,837,1570,18
783,839,1009,99
783,920,1412,16
783,1449,1495,13
783,1675,1726,15
784,991,1506,13
785,1613,1823,17
786,871,1695,14
786,1279,1432,114
787,968,1708,112
787,1025,1622,15
790,875,1558,107
790,1502,1558,17
790,1550,1743,18
791,1343,1659,106
792,1196,1715,16
792,1318,1818,108
793,1378,1474,14
794,968,1022,103
796,1497,1742,18
797,885,1131,15
798,1080,1385,16
799,846,1474,17
800,985,997,96
800,1564,1650,114
801,1120,1450,15
804,927,1349,10
804,1202,1722,18
804,1335,1491,15
805,1096,1276,17
808,847,1789,106
808,1147,1571,113
809,1270,1836,113
810,1138,1232,14
810,1342,1536,108
813,1008,1142,15
813,1144,1683,105
815,1248,1618,14
816,876,908,116
817,925,1515,106
819,1001,1590,19
820,928,1314,104
820,1245,1598,115
821,1222,1753,102
822,1071,1702,16
823,1016,1248,106
824,830,1843,113
827,889,1536,13
827,925,1163,16
828,908,1702,111
828,1363,1714,105
830,870,1331,20
830,1179,1650,20
830,1512,1806,15
831,1048,1176,15
834,1277,1852,116
836,1025,1529,115
836,1052,1082,18
837,1251,1755,12
838,871,1512,113
838,1070,1339,13
838,1082,1835,17
838,1306,1409,20
838,1660,1712,109
842,1323,1759,17
843,938,1181,110
843,978,1778,113
844,1677,1798,15
845,1251,1833,17
848,1352,1386,16
848,1577,1811,18
849,902,1744,14
850,1719,1816,19
852,1173,1509,19
854,985,1583,15
854,1379,1606,14
857,905,1029,13
858,1701,1820,114
859,987,1655,108
859,1131,1693,117
860,1358,1386,18
862,1245,1753,14
863,1104,1132,13
864,1476,1660,17
865,1407,1853,18
866,1219,1547,113
870,982,1329,109
871,926,1840,17
871,1182,1759,15
871,1186,1295,109
871,1656,1681,17
872,951,1853,15
874,1077,1513,114
876,1041,1258,16
876,1245,1287,103
877,883,1276,108
878,1449,1613,18
879,898,904,105
879,1238,1785,107
880,1260,1376,110
882,1158,1835,108
883,1342,1508,106
883,1617,1710,111
885,1560,1668,17
886,920,1820,17
886,1616,1763,111
889,1405,1765,112
891,1158,1789,108
893,970,1175,13
893,1115,1158,16
894,1029,1117,108
897,943,1358,16
898,906,1359,18
898,944,1222,109
901,1442,1772,15
904,909,1158,18
904,1202,1656,111
905,1312,1740,108
906,1350,1755,15
907,1381,1802,112
908,1032,1813,17
909,1146,1725,13
909,1159,1253,109
910,1592,1623,13
913,1150,1271,112
915,1066,1634,16
916,1156,1255,15
919,1154,1227,18
920,998,1624,106
923,1699,1709,107
924,967,1838,115
926,1311,1588,102
926,1365,1591,17
930,1255,1332,101
930,1544,1545,16
931,1328,1787,16
932,1194,1571,103
932,1589,1817,113
933,1014,1819,103
934,1248,1784,19
934,1272,1563,110
935,1718,1784,112
943,972,1426,108
943,1161,1379,112
944,1274,1612,13
945,1381,1804,111
946,1323,1364,107
948,1222,1588,13
949,1224,1572,17
952,1147,1450,15
952,1169,1315,96
952,1410,1419,13
954,1487,1552,114
955,1364,1815,17
956,1118,1807,13
956,1579,1723,114
957,973,1047,106
957,1516,1587,105
963,1477,1852,115
965,1318,1588,111
966,1308,1838,14
967,1197,1317,109
967,1466,1747,18
968,1034,1577,113
971,1196,1338,13
971,1302,1469,16
972,1553,1772,107
973,1045,1320,113
975,1428,1775,19
976,998,1584,114
976,1230,1584,16
976,1445,1786,14
977,1375,1838,12
979,1144,1395,107
982,1530,1798,14
983,1507,1804,13
987,1702,1753,16
988,1125,1752,14
989,1208,1255,18
992,1290,1381,107
992,1409,1606,18
992,1754,1842,114
994,1286,1488,15
997,1029,1437,16
999,1064,1353,17
999,1315,1753,14
1000,1168,1215,116
1000,1639,1799,14
1002,1046,1707,107
1002,1429,1616,108
1003,1179,1756,14
1004,1548,1566,112
1006,1240,1674,112
1006,1337,1849,17
1007,1228,1728,102
1008,1434,1748,16
1010,1151,1354,17
1012,1326,1401,16
1014,1390,1777,14
1014,1502,1732,111
1017,1325,1550,14
1019,1032,1457,20
1021,1075,1612,106
1021,1298,1494,14
1023,1390,1568,112
1024,1471,1572,13
1028,1384,1573,103
1028,1411,1460,106
1029,1113,1120,15
1031,1416,1828,19
1032,1220,1378,114
1033,1330,1358,107
1034,1147,1658,17
1034,1252,1821,105
1038,1479,1828,105
1038,1599,1827,105
1039,1216,1247,110
1039,1305,1311,113
1041,1409,1586,111
1044,1480,1737,12
1045,1210,1732,110
1045,1486,1664,11
1046,1310,1810,102
1047,1479,1741,111
1048,1178,1531,19
1049,1127,1294,112
1049,1347,1503,114
1050,1189,1682,110
1051,1093,1619,101
1054,1180,1226,112
1054,1672,1682,104
1057,1058,1482,96
1057,1158,1374,113
1059,1437,1745,112
1062,1270,1505,110
1064,1398,1788,14
1064,1486,1661,13
1065,1346,1676,16
1066,1407,1763,17
1068,1235,1782,11
1075,1485,1723,15
1076,1287,1295,102
1084,1317,1753,113
1085,1181,1188,109
1086,1302,1482,110
1088,1427,1735,15
1088,1511,1616,108
1089,1489,1675,99
1092,1176,1394,108
1093,1315,1392,92
1093,1478,1697,11
1096,1311,1561,110
1098,1200,1438,15
1099,1757,1835,11
1100,1163,1519,107
1100,1576,1791,14
1101,1255,1705,14
1101,1314,1566,119
1102,1117,1371,109
1102,1336,1407,112
1106,1279,1798,113
1107,1609,1850,110
1114,1254,1371,20
1114,1462,1508,106
1116,1327,1834,108
1116,1395,1515,15
1118,1822,1826,15
1121,1489,1735,109
1123,1438,1719,18
1126,1230,1278,110
1128,1324,1658,12
1131,1537,1568,11
1135,1250,1555,18
1141,1214,1709,114
1142,1398,1724,113
1143,1272,1770,118
1145,1470,1533,110
1146,1430,1584,113
1147,1589,1662,14
1148,1249,1377,17
1151,1245,1769,110
1151,1292,1710,16
1153,1313,1376,106
1154,1221,1436,103
1158,1224,1804,110
1160,1220,1463,15
1160,1381,1453,13
1161,1754,1814,16
1162,1196,1449,107
1165,1337,1729,17
1165,1835,1837,113
1171,1476,1719,108
1178,1600,1610,111
1184,1301,1386,110
1184,1655,1817,20
1189,1410,1834,114
1192,1311,1486,112
1193,1454,1711,106
1198,1501,1841,105
1201,1284,1639,19
1201,1616,1817,102
1205,1565,1601,112
1218,1350,1477,115
1224,1455,1460,19
1226,1504,1771,20
1228,1536,1594,111
1228,1655,1661,12
1229,1288,1722,109
1229,1292,1547,16
1231,1527,1797,12
1232,1491,1838,107
1233,1576,1830,107
1234,1727,1772,115
1236,1471,1755,14
1239,1727,1828,17
1241,1297,1694,110
1242,1376,1812,112
1242,1462,1796,13
1243,1631,1709,114
1245,1349,1616,13
1246,1345,1714,116
1247,1319,1320,16
1259,1466,1823,109
1261,1386,1584,19
1262,1479,1608,104
1271,1386,1388,16
1271,1405,1510,17
1272,1634,1748,19
1275,1336,1800,14
1276,1429,1813,20
1280,1410,1757,105
1281,1512,1784,115
1284,1370,1575,110
1286,1417,1633,113
1295,1438,1584,17
1301,1378,1507,17
1303,1426,1576,17
1304,1360,1524,12
1305,1393,1790,18
1308,1352,1565,106
1311,1552,1819,14
1323,1673,1756,108
1326,1503,1522,111
1330,1568,1777,15
1337,1465,1764,113
1343,1371,1434,12
1344,1379,1559,21
1348,1558,1776,20
1349,1538,1745,107
1349,1805,1828,20
1356,1374,1686,19
1359,1388,1592,115
1361,1756,1836,111
1371,1708,1719,19
1375,1633,1839,109
1377,1405,1750,108
1379,1472,1699,14
1391,1416,1477,18
1395,1772,1820,12
1397,1419,1568,104
1403,1651,1720,110
1411,1431,1801,14
1413,1514,1533,18
1418,1604,1817,110
1428,1544,1664,16
1432,1670,1810,16
1434,1482,1755,16
1443,1460,1563,111
1443,1740,1745,13
1449,1680,1717,104
1451,1618,1767,110
1451,1662,1777,112
1454,1672,1773,109
1457,1822,1845,109
1459,1559,1751,103
1464,1698,1710,17
1480,1616,1802,14
1483,1641,1792,19
1492,1723,1810,15
1497,1544,1567,113
1499,1710,1764,113
1513,1631,1677,107
1520,1609,1696,17
1523,1619,1701,110
1538,1654,1757,17
1542,1698,1804,19
1546,1639,1696,16
1549,1606,1755,108
1749,1751,1820,12
