participant_id_model,participant_id_new
779,1
780,2
781,3
782,5
783,6
784,7
785,8
786,9
787,10
788,11
789,12
790,13
791,14
792,15
793,16
794,17
795,18
796,19
797,20
798,21
799,22
800,23
801,24
802,25
803,26
804,27
805,28
806,29
807,30
808,31
809,33
810,34
811,35
812,36
813,37
814,39
815,41
816,42
817,43
818,44
819,45
820,46
821,47
822,48
823,49
824,50
825,52
826,54
827,55
828,56
829,57
830,58
831,59
832,60
833,61
834,62
835,63
836,65
837,66
838,67
839,68
840,69
841,70
842,71
843,72
844,73
845,74
846,75
847,76
848,77
849,78
850,79
851,80
852,81
853,82
854,83
855,84
856,85
857,86
858,87
859,88
860,89
861,90
862,91
863,92
864,93
865,94
866,95
867,96
868,97
869,98
870,100
871,101
872,102
873,103
874,104
875,105
876,106
877,107
878,108
879,109
880,110
881,111
882,112
883,113
884,114
885,115
886,116
887,117
888,118
889,120
890,121
891,123
892,124
893,125
894,127
895,128
896,129
897,130
898,131
899,132
900,133
901,134
902,135
903,136
