participant_id,session_id,workHistory,interests1,interests2,interests3,feedback
1,1,Barista,"Sport results, trading card games, video games","Playing trading card games, board games, video games, going to the gym, running / jogging, cooking.",Biomedical Science,"No further feedback, study was easy to understand and navigate."
2,1,IT specialist for system integration,"politics, gaming, veganism, music","playing video games, watching shows, meeting with friends, going for runs","philosophy, astronomy",Was pretty interesting but it would've been nice to have a dedicated break in the middle of the task
3,1,"Storeman, Inventory Controller, Buyer, Senior Buyer, Sourcing Manager, Uk Purchasing Manager","Sport, Football, Politics",Watching local football team,"Increasing global inequality,",Nothing to add
5,1,"Nursing Assistant, Nurse","Entertainment, Politics, Medicine & Healthcare, Sport Analysis","Watching series, Playing video games, Listening to music","Computer programing, Data Analytics",None
6,1,"dispactcher, sales officer, manager","Travel, sports, art,","Travel, reading, painting, doing sports",Art desig,/
7,1,"graphic designer, assistant, extra, logistics","travelling, gardening, reading","kayaking, cinema, photography","languages, coding",Thank you for this interesting study.
8,1,none,"psychology, science, geography, history","watching movies, going outside",psychology,The study was fun and interesting! If there will be a possibility to do it again I'm very open!
9,1,"Store Manager, Bank Consultant, Implementation Specialist","health, fashion, Crime news","Reading, watching movies, hiking","psychologyTax education,",Nothing
10,1,"ESL tutor, Sale assistant, Nurse","Fashion design, baking, football","Reading novels, watch tv shows","Literature, phycology",This was a very good study
11,1,"janitor in a movie theater,","Videogames, Cooking, Watch movies and series","Play videogames, read comics","Programming, Learn another languages",No
12,1,"Manager,Analyst ,farmer, HR","Tradition,politics,history,economics and phycology","Swimming,reading,","Computer programing, philosophy",An amazing study
13,1,"Sales assistant, cashier, tutor, junior consultant, financial advisor","sports, law, documentaries, finance","playing netball, listening to music, reading a book, watching a movie","computer programming, coding","I really enjoyed the survey, Thank You!"
14,1,service desk consultant,"community engagement, soccer games","cooking, yoga","gender inequality, logistics, supply chain",n/a
15,1,Molecular Biologist and Geneticist(Research and Diagnosis separately),"Sports, Video games, History, Science","Books, Video games, reading Research papers , watching series.","Coding, Philosophy.",I really enjoyed the study and tried my best. Good luck with the results!!
16,1,"Senior Consultant, Analyst/Programmer, Sergeant, Assistant Management Accountant","Football (Soccer), 3D Printing, World & Local Politics","3D Printing, Family life","Scientific progress, inequality of every sort, corruption","I found myself going through different phases and changing the criteria I used, it was hard to stay with one process, during image selection."
17,1,"Planning manager, stock reconciliation clerk, postman, service adviser, pub landlord, café owner, storeman.","Football, F1, Cricket, Politics, Reading.","Reading, current affairs.",Car maintenance,No
18,1,"Help Desk , SysAdmin , Team Lead , IT Manager","Politics, Finanse , IT","Playing paddle tenis, watching F1",Computer programming,"No, everything was fine"
19,1,"Debt manager, kitchen assistant, orderly, nursing assistant, dietitian, pastry chef, laundry worker","video games, music, TV series, curiosities, nutrition, survival, movies","video games, reading, watching TV, spend times with friends","Finance, nutrition, video games",No
20,1,"sales assistant, cashier","indoor plants, animals","feed stray animals and care for them, houseplant chores","developmental biology, finances, photography",Everything went well.
21,1,Graphic Designer,"board games, crafting, DIY projects, graphic design, performing arts","cooking, watching movies, listening music, reading scifi/dieselpunk/cyberpunk books","mythology, ancient civilizations, space colonization, cosmology",Everything worked flawless
22,1,"TV Repair, Equipment Repair, Data Analyst, Data Migration Engineer, Chief Technology Officer (now)","Rugby League, Northern Soul, AI, Data Science","Watching Rugby League, Food, Drink, Exercise, Walking","AI, Data Science, Medical Science, Diets",not at this time
23,1,marketing manager,"interior design,marketing,sports","baking, cooking ,swimming ,singing ,gym",computer programming,interesting study and a bit challanging on the pictures. l would be happy to see more studies like this
24,1,"Cashier, Web & Graphic designer (Self-employed)","Designing, Technology, Computers.","Watching movies/series, Playing video games, cooking.","Computer programming, Cyber security",None.
25,1,Teacher,science and technology,reading,science and art,I did not encounter any issues with the study and I enjoyed doing it.
26,1,Doctor,"medicine, politics",sports,Scienc,no
27,1,Engineer,"Science,sports, politics","photography,science",science,no
28,1,"Teacher, IT, Financial ADVISOR","Sports, politics","Reading books, hiking cooking,",Computer Programming,It was fun and informative though a bit longer
29,1,"waitress,caregiver,teacher",local politics and sports,"reading, playing bordgames,listening to music",geography,no
30,1,"SaleaAssistant, Office administrator, NHS Officer, Social Media Risk Analystnalyst",Current Affairs,"Reading, Going to the ballet, Going to concerts","History, Aromatherapy",Very interesting study but quite challenging at times.
31,1,", Store Clerk Electronics, Secuirty Guard, Web Designer, Middle Manager,","Football, Stocks","Weight Lifting, Running, Walking my dgos, watching movies, Listening to music, Playing video games",Learning the Japanese language,No
33,1,"owner,office manager","sports,fishing,walking,","fishing,swimming",history,"no, thank you."
34,1,"waiter, barista, sales representative","Gaming, soccer, reading, exercising","Playing rugby, football, watching movies/TvV shows","Finance, literature, technology, coding.",The experiment was very interesting and fun although it was very challenging but i loved taking part in the study.
35,1,Social worker,I love sport news and current affairs,"I love sport, cooking and listning to music",I want to learn more about religion.,No thought except that the survey was really too long
36,1,line manager,gaming and sports,playing soccer,economics,no
37,1,senior manager,"sport, music, meditation","video games, reading, running","politics, economic, technology",no thanks
39,1,"PSYCHOLOGY,  Software engeneering","documentaries, hiking, cooking , social issues , research","Hiking,cooking ,reading, researching, exercising ,running site viewing",coding,no
41,1,manager in retail,"political causes, personal growth, relationships","biking, swimming, drawing","world culture, wild nature, new technology",thanks for participate
42,1,"Software,engineer lecturing","Fitness, climate change, social issues, economic issues","Cooking, running , studying ,researching","Software engineering ,data analysis",no
43,1,financial adviser and lnformation Technology,"Education ,writing books","spa day ,listening to music and cookingEngineering","Maths , Chemistry and biology",Thank you so much for giving me this opportunity to be part of your study
44,1,"Shop assistant, Waiter","Animals, Nature","Playing video games, hiking, communicating with family and friends","real estate, Business management, investments",very difficult study especially on the image/picture comparison
45,1,"sales assistant, manager","work, health","hiking , movies, cooking, playing with  kids , travelling","graphic designing , investigator ,",no
46,1,"janitor, teacher.","graphic designer, photography, drama.","basketball, soccer.","IT, accountant.","i loved doing this survey, it was very detailed and also needed a lot of attention but for me it was indeed fun"
47,1,doctor,racing cars,playing soccer,computer programming,n/a
48,1,software enginer,interior design,netball,"computer programming , software enginer","i loved oing this survey, it was a very engaging survey and i enjoyed it so much."
49,1,"Sales Assistant, Accountant, Manager of Production","reading books, taking care of my garden","reading books, watching tv series",reading books,"It was a great study, thank you"
50,1,"Cashier, Pizza assembler, MUA, Dispatch Analyst, Tech Officer","Fashion, health, arts, politics, technology","Swimming, Netflix, Gardening, Singing","CS, psych, fashion design",N/A
52,1,Software Developer,"competetive programming, doing studies on Prolific","walking, watching Nextflix series, wathcing esports",competetive programming,-
54,1,"Senior manager, CFO, CSO, head of the department of suply chain","News, Live sports, Current events.","Spending time with my family, meditating, taking long walks around the neighborhood, watching movies and series, camping, fishing","physcology, science, computer, IT.",This study fried my brain and it was fun. Thank you! Have a great day!
55,1,data analyst,"education, technology","reading, cooking","statistics, mathematics, psychology",no
56,1,physical worker,"football, bet on sports.","doing sports, walk with dog, watch films",stock market,no
57,1,"cook, administrator, teacher","F1, history","spending time with my grandchildren, gardening",psychology,I really enjoyed this study
58,1,"store assistant, admin clerk, admin officer, admin manager","politics, art","exercising, baking, watching national geographics, spending time and spoiling my grand children",black empowerment,no
59,1,"Secretary, administration clerk, receptionist, chef.","Cooking, following local politics, local sports teams.","Sudoku, time with family, watching TV, listening to music.","Societal issues, community programs, computer programs to create short music films.",Very interesting study.
60,1,"cleaner,edc","local politics,drawing,dancing","playing netball,","mathematics ,first aid",no
61,1,Therapist,Reading,Playing tennies,"Philosophy,Finance",thank you for the opportunity
62,1,"Dating Service owner, Real Estate Agent, Mortgage Broker, Editor,","Politics, Family, Crochet, Tie-dye,","True Crime, History","WW2 History, AI, Crochet",Danke viele mals!
63,1,Information Technologist,"Designs, politics",creating videos,"English, Literature, Programming",no
65,1,HR,"travelling,cooking,fashion,technology,gaming,parting,sports and politics","travelling,cooking,fashion,technology,gaming,parting,sports and politics",fashion and computing,no feedback
66,1,information technology,soccer,swimming,cisco,no
67,1,Doctor,art and drama,"soccer,fashion,music",Tourism,it was a great study
68,1,"Shop assistant, Information technician","Travelling, Reading","Reading, writing",Mathematics,no
69,1,"HR Intern, HR Officer, HR Consultant","Music, Sports, Night life","Watching sports, going out with friends, Netflix","Law, Business Administration, Politics",N/A
70,1,"Policeman, manager","Sport, politic, geography, history","Walking, visiting historical sites","history, geography",No
71,1,Teacher,Local politics,"Reading books, playing Gold",Financial inequality,No
72,1,Doctor,"sport, health and fitness","yoga, reading books and running",life sciences and computer programming,"no feedback, thank you so much."
73,1,"Admin Clerk, Buyer, Floor Manager, Finance, Admin Manager, Quality Assurance Manager, Teacher","Listening to music, reading books, cooking, swimming, playing with my kids.",Cooking,Knitting,This was a lovely study.
74,1,"Sales assistant, Production worker, Production planist / manager, Freight forwarder / Logistics manager","Global and local politics, psychology, football, quantum physics, philosophy (meaning of life)","read, exercise at the gym, watch football matches","quantum physics, space exploration, philosophy","Thank you, it was an interesting study."
75,1,Electrical engineer,"Art and design, Travel, Health and wellness","Food and cuisine, community service","Writing, Technology and innovation","No ,Thank you"
76,1,IT MANAGER,"MUSIC,SPORT,TECH","MUSIC,PLAYING PIANO, WATCHING MOVIES","PHOTOGRAPHY,WILD LIFE",NO
77,1,"Teacher, Store Assistant",Migration,"Reading, Writing, Cooking","Technology, Accounting",No
78,1,"sales assistant, IT technician","design, fashion,","playing games,sewing","coding,finance,language learning",no
79,1,"R&D researcher, VP polymers","culture, books, snooker","reading books, watching serials","human sport abilities, engineering's ideas","Very captive, but a bit long study! :)"
80,1,"Research assistant, PhD","Local politics, the economy and music","Watching tv, listening to music, reading","financial inequality, migration",Not really
81,1,"Call Center Clerk, Call Center Manager","Financial markets, TGC cards, RTS games, local politics","driving bike, playing with my kid, playing RTS games, listen to music.","philosophy,financial markets",That was a reaally strange study. Most of the items were'nt similar at all. I had to make hard choices from time to time.
82,1,"Engineer, graphic designer","sport results, inferior design, international politics","reading books, playing volley ball",computer progamming,no
83,1,"data analyst ,software developer","politics,sports,cinema,book reading","playing basketball,paintball,reading science fiction,reading comics,going to the movies,","accounting,astrophysics,gender studies",I just wanted to say that this study was very interesting.Happy to be part of it.
84,1,"IT specialist, Cybersecurity expert","martial arts, formula 1","reading classic literature, playing video games","philosophy, history",no
85,1,"Insurance Sales Representative, Financial Advisor,","Financial Markets, Sports, Technology, Interior Design and construction, History, Environment, Wildlife","Reading, cooking, cycling, playing video games, swimming and playing bad minton.","Religion ( Christianity), philosophy, technology.",N/A
86,1,Account Manager,"music, vinyl, fashion, sports, history, interior design, movies","listening to music, spinning vinyl, watching movies, scrolling social media","sustainability, theology, philosphy, ancient history, anything music",N/A
87,1,Software developer,"Sports, movie news","Playing cricket, listening music",Trading,No
88,1,computer scientist,"politics, games, reading","coding, gaming, reading",computer programming,none
89,1,Student,"Singing, dancing and playing soccer",soccer and netball,Business,no
90,1,teacher and  sales assistant,sport results,watch tv,"computer programming, philosophy",everything was good
91,1,Professional nurse,"Music, reading, cooking, working out and sports",Listening to music and singing along,"Biology, Midwifery and History",none
92,1,Software developer,"Psychology,local politics,stock market","Reading,Crochet","Stock market, Brain and its working,Reading","No, the study went smoothly :)"
93,1,"Head of department, Supervisor","Sports, Travel",Travelling,"Philosophy, finances",Very good study
94,1,IT,"Sports results, Gaming","Playing soccer, Gaming",Computer Programming,the task was interesting
95,1,"Waiter, assistant, supervisor, manager","Politics, debate","Cooking, traveling",Science,No
96,1,"manager, human resource",interior deign fashion and athletics,reading books and watching documentaries,scifi books and fantasy,No
97,1,Bartender,"Gaming, sports, pub","Playing cricket, tennis, pub, watching sports, gaming","Languages, coding",No
98,1,"customer service agent, tele seller, IT technician","music, politic, global warming, cars, content creating","content creating, car repairs, music","global warming, psychology",The study was fun.
100,1,IT Officer,Programming. reading journals,"Swimming, Socker, Hockey","Programming, mathematics, science",no
101,1,"assistant.production,planner,buyer,director of operation,hotel manager,general manager clinic, financial consultant","design,sport, travelling, finance, economy,","sport activities, reading, traveling abroad,","new technologies, economy,",nothing specific
102,1,"tutor, teaching assistant","global news and activism, psychology","reading, social media, cooking, exercise","philosophy, health, history",n/a
103,1,Teacher,"Camping, hiking, board games, books","Hiking, camping","Archaeology, ancient history",no feedback.
104,1,Data scientist,"Video games, sport results.","Playing video games, watching movies and TV shows, listening to music.","Computer programming, sports gambling.",Very good study.
105,1,"Art Designer , Manager ,Team Leader","Paintings, Fine Arts, Football","Stength Traing, Jogging, Riding Bike","Earth Science, Painting","It was interesting , but I did enjoy it"
106,1,"sales, agent, support specialist, it specialist","sports, music, interior design, fashion","reading, playing board games, listening to music, movies","psychology, mental health issues",Thank you for the mind refreshing study.
107,1,Doctor,"POLITICS ,LOVE ,COMMUNITY , AI","PLAYING VOLLEY BALL , READING ROMANTIC BOOKS ,EXERCISING",INFORMATION TECHNOLOGY,I ENJOYED THE TASK
108,1,"Computer Technician, I.T Support, Data Center Technician, Team Lead","Playing Music, Drums, Guitar, Karaoke, Sport","Play Golf, Playing Music, Watching Football","Astronomy, Human Brain, Geography",I enjoyed the study although at times I wasn't sure which was the odd one out so had to take a guess.
109,1,"SALES ASSISTANT, ADMIN CLERK, TEACHERS ASSISTANT, TEACHER, PRINCIPAL","INTERIOR DESIGN, LOCAL POLITICS","I love reading books and watching series., i love cooking and spending time with my family","computer programming, science studies",Great study and educational
110,1,"programmer, database manager","programming, creating projects","gym, biking","mathematics, quantum computing",NA
111,1,"newspaper delivery, hotel waitress, office cleaner","reading, holidays",reading,researching holidays,no
112,1,"Software Engineer, web developer","Coding, puzzles, reading","Puzzles, coding, reading","Cybersecurity, AI, Data Science",The  instructions in the study was simple and clear.
113,1,"Barman, IT developer, mechatronic","politics, computing science, electronic","Sports, videogames",law,Everything good!
114,1,"HR assistant, hotel porter, fry cook, IT Support and developer","Gaming, Software Development, Music and fitness.","Gaming, playing guitar, watching movies.","Computer Science, AI, Art, Game Design",none
115,1,"Researcher, Propulsion Engineer, Mechanical Design Engineer","sports, astronomy, photography","Reading books, listening to podcats","programming, astronomy, space flight",None.
116,1,Civil engineer,"Soccer,VideoGames, Boardgames, Cardgames","Soccer,VideoGames, Boardgames, Cardgames, Watching movies","Financial literacy, computer programming",no thank you
117,1,Data Analyst.,"Football, technology, cooking, fitness, education, finance.","Exercising, playing video games, cooking.","Financial analysis, data visualization, statistics",The survey was clear and easy to follow.
118,1,"cashier, informatic technician, teacher for kids","videogames, music, technology, languages","videogames, reading books, listening to music","math, computer hardware, videogames, science",no
120,1,marketing manager,working on creative and impactful projects,"watching, painting, playing soccer","cyber security, IT",No
121,1,"data analyst, teacher","Data analysis, soccer, music","Reading and writing, watching documentaries",Psychology,No comments.
123,1,"lab assistant, student","crochet, reading, studying, fashion","reading fiction, watching series, playing games, listening to music","medicine, philosophy, economics","The study was very organized and pays well, it makes us feel motivated to pay attention and do a good job!"
124,1,n/a,"Football, cars, music, documentaries","playing basketball, playing video games, hiking",tech,n/a
125,1,"data analyst, farmer, sales assistant","gaming, parting and making money",gaming,biology and agriculture,no
127,1,N/A,"Music, Mandarin, Guitar, Keyboard, Hockey.","Playing hockey, learning Mandarin, playing the guitar, playing the keyboard, reading romance novels, spending time with my pet dog.",Biology.,The study was lovely and I hope for more in the future :)
128,1,Medical Assistant,lifestyle and personal growth,Side hustling by my small business,human brain and psychology,no
129,1,"clerk, sales assistant, customer service, processor, tech support, business owner","learning, theology, history, nature, creativity","reading history and theology, hiking, drawing","theology, ancient history, middle ages, creative process",No comments
130,1,Sales Executive,"sports, politics",playing video games,financial inequality,the survey was a good one.
131,1,N/A,"basktball,foobtall,reading,watching movies.","reading crime books,pay videogames, learn new stuff","nature,mathmatics,finances,programming",No
132,1,"Account, Daycare owner, whole watcher, janitor, teacher","floral , sports, bowling","reading, listening to music","interior  designer,",none
133,1,"carhop, caterer, waitress, telemarketer, team manager, quality assurance manager, senior consultant","writing, politics, eschatology, interior decorating, nutrition","reading fantasy, cooking, writing, studying eschatology","history, religions, story structure",no
134,1,content creator,"art,music,cats,graphics design,environmental issue,finance","drawing,dancing,power walking","mechanics,AI,metaphics","The study was interesting, I feel like I finished a bit early...hope that is not a problem."
135,1,"class teacher customer care rep, admin officer, admin supervisor, Admin managerger","Fitness, gardening ,music, DIY crafts","listening to music, DIY crafts, Exercise",Philosophy,"yes , it was somewhat difficult finding correlation between pictures in order to pick the least similar"
136,1,"IT Intern, Software Developer Intern, Cloud Engineer Intern","F1 Results, Local News, K-pop","Playing Badminton, Reading Sci-fi/Fantasy Books, Cooking, Walking","Financial Investment, Computer Science/AI, Food/Cooking",N/A
